buy_threshold,wait_threshold,rows,buy_now_rows,uncertain_rows,wait_rows,buy_now_rate,uncertain_rate,wait_rate,decisive_rate,buy_now_actual_drop_rate,uncertain_actual_drop_rate,wait_actual_drop_rate,avg_conservative_saving_decisive_rows,avg_conservative_saving_all_rows,pct_pays_more_decisive_rows,pct_wait_pays_more_conservative,horizon
0.05,0.45,255671,68053,161656,25962,0.2662,0.6323,0.1015,0.3677,0.0285,0.1859,0.5808,3.1225,1.1482,0.0438,0.1586,7
0.05,0.475,255671,68053,165070,22548,0.2662,0.6456,0.0882,0.3544,0.0285,0.1918,0.5977,2.9926,1.0605,0.0385,0.1546,7
0.05,0.5,255671,68053,168144,19474,0.2662,0.6577,0.0762,0.3423,0.0285,0.1972,0.6146,2.838,0.9716,0.0337,0.1516,7
0.05,0.525,255671,68053,170963,16655,0.2662,0.6687,0.0651,0.3313,0.0285,0.2024,0.6322,2.698,0.8939,0.0293,0.1493,7
0.05,0.55,255671,68053,173481,14137,0.2662,0.6785,0.0553,0.3215,0.0285,0.2072,0.6494,2.5434,0.8176,0.0253,0.1469,7
0.05,0.575,255671,68053,175674,11944,0.2662,0.6871,0.0467,0.3129,0.0285,0.2118,0.6633,2.3237,0.7271,0.022,0.1472,7
0.05,0.6,255671,68053,177660,9958,0.2662,0.6949,0.0389,0.3051,0.0285,0.2158,0.6822,2.1033,0.6418,0.0186,0.1456,7
0.05,0.625,255671,68053,179348,8270,0.2662,0.7015,0.0323,0.2985,0.0285,0.2191,0.7062,1.9051,0.5687,0.0153,0.1412,7
0.05,0.65,255671,68053,180739,6879,0.2662,0.7069,0.0269,0.2931,0.0285,0.2218,0.7331,1.7416,0.5104,0.0125,0.1359,7
0.05,0.675,255671,68053,181946,5672,0.2662,0.7116,0.0222,0.2884,0.0285,0.2244,0.7576,1.5799,0.4556,0.01,0.1301,7
0.05,0.7,255671,68053,182917,4701,0.2662,0.7154,0.0184,0.2846,0.0285,0.2266,0.7828,1.4199,0.4041,0.0079,0.1219,7
0.05,0.725,255671,68053,183805,3813,0.2662,0.7189,0.0149,0.2811,0.0285,0.2288,0.8059,1.2432,0.3495,0.0061,0.1151,7
0.05,0.75,255671,68053,184584,3034,0.2662,0.722,0.0119,0.278,0.0285,0.2309,0.8253,1.0762,0.2992,0.0046,0.1084,7
0.05,0.775,255671,68053,185242,2376,0.2662,0.7245,0.0093,0.2755,0.0285,0.2328,0.8464,0.923,0.2542,0.0034,0.0993,7
0.05,0.8,255671,68053,185791,1827,0.2662,0.7267,0.0071,0.2733,0.0285,0.2344,0.8654,0.7587,0.2074,0.0025,0.0969,7
0.05,0.825,255671,68053,186228,1390,0.2662,0.7284,0.0054,0.2716,0.0285,0.2358,0.8763,0.6251,0.1698,0.0018,0.0878,7
0.05,0.85,255671,68053,186655,963,0.2662,0.7301,0.0038,0.2699,0.0285,0.2372,0.891,0.4748,0.1282,0.0012,0.0862,7
0.05,0.875,255671,68053,187004,614,0.2662,0.7314,0.0024,0.2686,0.0285,0.2384,0.8941,0.3161,0.0849,0.0006,0.07,7
0.05,0.9,255671,68053,187277,341,0.2662,0.7325,0.0013,0.2675,0.0285,0.2393,0.915,0.1932,0.0517,0.0003,0.0674,7
0.075,0.45,255671,96608,133101,25962,0.3779,0.5206,0.1015,0.4794,0.0397,0.2115,0.5808,2.3951,1.1482,0.0336,0.1586,7
0.075,0.475,255671,96608,136515,22548,0.3779,0.5339,0.0882,0.4661,0.0397,0.218,0.5977,2.2755,1.0605,0.0292,0.1546,7
0.075,0.5,255671,96608,139589,19474,0.3779,0.546,0.0762,0.454,0.0397,0.224,0.6146,2.1399,0.9716,0.0254,0.1516,7
0.075,0.525,255671,96608,142408,16655,0.3779,0.557,0.0651,0.443,0.0397,0.2296,0.6322,2.0178,0.8939,0.0219,0.1493,7
0.075,0.55,255671,96608,144926,14137,0.3779,0.5668,0.0553,0.4332,0.0397,0.2349,0.6494,1.8876,0.8176,0.0188,0.1469,7
0.075,0.575,255671,96608,147119,11944,0.3779,0.5754,0.0467,0.4246,0.0397,0.24,0.6633,1.7124,0.7271,0.0162,0.1472,7
0.075,0.6,255671,96608,149105,9958,0.3779,0.5832,0.0389,0.4168,0.0397,0.2444,0.6822,1.5397,0.6418,0.0136,0.1456,7
0.075,0.625,255671,96608,150793,8270,0.3779,0.5898,0.0323,0.4102,0.0397,0.248,0.7062,1.3864,0.5687,0.0111,0.1412,7
0.075,0.65,255671,96608,152184,6879,0.3779,0.5952,0.0269,0.4048,0.0397,0.2509,0.7331,1.2611,0.5104,0.009,0.1359,7
0.075,0.675,255671,96608,153391,5672,0.3779,0.6,0.0222,0.4,0.0397,0.2538,0.7576,1.1388,0.4556,0.0072,0.1301,7
0.075,0.7,255671,96608,154362,4701,0.3779,0.6038,0.0184,0.3962,0.0397,0.2562,0.7828,1.0197,0.4041,0.0057,0.1219,7
0.075,0.725,255671,96608,155250,3813,0.3779,0.6072,0.0149,0.3928,0.0397,0.2587,0.8059,0.8897,0.3495,0.0044,0.1151,7
0.075,0.75,255671,96608,156029,3034,0.3779,0.6103,0.0119,0.3897,0.0397,0.261,0.8253,0.7678,0.2992,0.0033,0.1084,7
0.075,0.775,255671,96608,156687,2376,0.3779,0.6128,0.0093,0.3872,0.0397,0.2631,0.8464,0.6567,0.2542,0.0024,0.0993,7
0.075,0.8,255671,96608,157236,1827,0.3779,0.615,0.0071,0.385,0.0397,0.2649,0.8654,0.5386,0.2074,0.0018,0.0969,7
0.075,0.825,255671,96608,157673,1390,0.3779,0.6167,0.0054,0.3833,0.0397,0.2665,0.8763,0.443,0.1698,0.0012,0.0878,7
0.075,0.85,255671,96608,158100,963,0.3779,0.6184,0.0038,0.3816,0.0397,0.268,0.891,0.3358,0.1282,0.0009,0.0862,7
0.075,0.875,255671,96608,158449,614,0.3779,0.6197,0.0024,0.3803,0.0397,0.2694,0.8941,0.2232,0.0849,0.0004,0.07,7
0.075,0.9,255671,96608,158722,341,0.3779,0.6208,0.0013,0.3792,0.0397,0.2704,0.915,0.1363,0.0517,0.0002,0.0674,7
0.1,0.45,255671,119424,110285,25962,0.4671,0.4314,0.1015,0.5686,0.0485,0.2375,0.5808,2.0192,1.1482,0.0283,0.1586,7
0.1,0.475,255671,119424,113699,22548,0.4671,0.4447,0.0882,0.5553,0.0485,0.2445,0.5977,1.9098,1.0605,0.0245,0.1546,7
0.1,0.5,255671,119424,116773,19474,0.4671,0.4567,0.0762,0.5433,0.0485,0.251,0.6146,1.7884,0.9716,0.0213,0.1516,7
0.1,0.525,255671,119424,119592,16655,0.4671,0.4678,0.0651,0.5322,0.0485,0.2571,0.6322,1.6795,0.8939,0.0183,0.1493,7
0.1,0.55,255671,119424,122110,14137,0.4671,0.4776,0.0553,0.5224,0.0485,0.2628,0.6494,1.5651,0.8176,0.0156,0.1469,7
0.1,0.575,255671,119424,124303,11944,0.4671,0.4862,0.0467,0.5138,0.0485,0.2683,0.6633,1.415,0.7271,0.0134,0.1472,7
0.1,0.6,255671,119424,126289,9958,0.4671,0.494,0.0389,0.506,0.0485,0.2731,0.6822,1.2682,0.6418,0.0112,0.1456,7
0.1,0.625,255671,119424,127977,8270,0.4671,0.5006,0.0323,0.4994,0.0485,0.2769,0.7062,1.1387,0.5687,0.0091,0.1412,7
0.1,0.65,255671,119424,129368,6879,0.4671,0.506,0.0269,0.494,0.0485,0.2801,0.7331,1.0333,0.5104,0.0074,0.1359,7
0.1,0.675,255671,119424,130575,5672,0.4671,0.5107,0.0222,0.4893,0.0485,0.2832,0.7576,0.9311,0.4556,0.0059,0.1301,7
0.1,0.7,255671,119424,131546,4701,0.4671,0.5145,0.0184,0.4855,0.0485,0.2858,0.7828,0.8323,0.4041,0.0046,0.1219,7
0.1,0.725,255671,119424,132434,3813,0.4671,0.518,0.0149,0.482,0.0485,0.2885,0.8059,0.725,0.3495,0.0036,0.1151,7
0.1,0.75,255671,119424,133213,3034,0.4671,0.521,0.0119,0.479,0.0485,0.2911,0.8253,0.6247,0.2992,0.0027,0.1084,7
0.1,0.775,255671,119424,133871,2376,0.4671,0.5236,0.0093,0.4764,0.0485,0.2933,0.8464,0.5337,0.2542,0.0019,0.0993,7
0.1,0.8,255671,119424,134420,1827,0.4671,0.5258,0.0071,0.4742,0.0485,0.2953,0.8654,0.4372,0.2074,0.0015,0.0969,7
0.1,0.825,255671,119424,134857,1390,0.4671,0.5275,0.0054,0.4725,0.0485,0.297,0.8763,0.3593,0.1698,0.001,0.0878,7
0.1,0.85,255671,119424,135284,963,0.4671,0.5291,0.0038,0.4709,0.0485,0.2988,0.891,0.2722,0.1282,0.0007,0.0862,7
0.1,0.875,255671,119424,135633,614,0.4671,0.5305,0.0024,0.4695,0.0485,0.3003,0.8941,0.1808,0.0849,0.0004,0.07,7
0.1,0.9,255671,119424,135906,341,0.4671,0.5316,0.0013,0.4684,0.0485,0.3014,0.915,0.1103,0.0517,0.0002,0.0674,7
0.125,0.45,255671,137695,92014,25962,0.5386,0.3599,0.1015,0.6401,0.0573,0.262,0.5808,1.7938,1.1482,0.0252,0.1586,7
0.125,0.475,255671,137695,95428,22548,0.5386,0.3732,0.0882,0.6268,0.0573,0.2694,0.5977,1.692,1.0605,0.0217,0.1546,7
0.125,0.5,255671,137695,98502,19474,0.5386,0.3853,0.0762,0.6147,0.0573,0.2763,0.6146,1.5805,0.9716,0.0188,0.1516,7
0.125,0.525,255671,137695,101321,16655,0.5386,0.3963,0.0651,0.6037,0.0573,0.2828,0.6322,1.4807,0.8939,0.0161,0.1493,7
0.125,0.55,255671,137695,103839,14137,0.5386,0.4061,0.0553,0.5939,0.0573,0.289,0.6494,1.3768,0.8176,0.0137,0.1469,7
0.125,0.575,255671,137695,106032,11944,0.5386,0.4147,0.0467,0.5853,0.0573,0.2948,0.6633,1.2423,0.7271,0.0117,0.1472,7
0.125,0.6,255671,137695,108018,9958,0.5386,0.4225,0.0389,0.5775,0.0573,0.2999,0.6822,1.1113,0.6418,0.0098,0.1456,7
0.125,0.625,255671,137695,109706,8270,0.5386,0.4291,0.0323,0.5709,0.0573,0.304,0.7062,0.9961,0.5687,0.008,0.1412,7
0.125,0.65,255671,137695,111097,6879,0.5386,0.4345,0.0269,0.5655,0.0573,0.3073,0.7331,0.9027,0.5104,0.0065,0.1359,7
0.125,0.675,255671,137695,112304,5672,0.5386,0.4393,0.0222,0.5607,0.0573,0.3107,0.7576,0.8125,0.4556,0.0051,0.1301,7
0.125,0.7,255671,137695,113275,4701,0.5386,0.443,0.0184,0.557,0.0573,0.3134,0.7828,0.7255,0.4041,0.004,0.1219,7
0.125,0.725,255671,137695,114163,3813,0.5386,0.4465,0.0149,0.5535,0.0573,0.3163,0.8059,0.6314,0.3495,0.0031,0.1151,7
0.125,0.75,255671,137695,114942,3034,0.5386,0.4496,0.0119,0.5504,0.0573,0.3191,0.8253,0.5436,0.2992,0.0023,0.1084,7
0.125,0.775,255671,137695,115600,2376,0.5386,0.4521,0.0093,0.5479,0.0573,0.3216,0.8464,0.4641,0.2542,0.0017,0.0993,7
0.125,0.8,255671,137695,116149,1827,0.5386,0.4543,0.0071,0.5457,0.0573,0.3238,0.8654,0.38,0.2074,0.0013,0.0969,7
0.125,0.825,255671,137695,116586,1390,0.5386,0.456,0.0054,0.544,0.0573,0.3257,0.8763,0.3121,0.1698,0.0009,0.0878,7
0.125,0.85,255671,137695,117013,963,0.5386,0.4577,0.0038,0.5423,0.0573,0.3276,0.891,0.2363,0.1282,0.0006,0.0862,7
0.125,0.875,255671,137695,117362,614,0.5386,0.459,0.0024,0.541,0.0573,0.3292,0.8941,0.1569,0.0849,0.0003,0.07,7
0.125,0.9,255671,137695,117635,341,0.5386,0.4601,0.0013,0.5399,0.0573,0.3305,0.915,0.0957,0.0517,0.0002,0.0674,7
0.15,0.45,255671,151899,77810,25962,0.5941,0.3043,0.1015,0.6957,0.0659,0.2825,0.5808,1.6505,1.1482,0.0231,0.1586,7
0.15,0.475,255671,151899,81224,22548,0.5941,0.3177,0.0882,0.6823,0.0659,0.2904,0.5977,1.5543,1.0605,0.02,0.1546,7
0.15,0.5,255671,151899,84298,19474,0.5941,0.3297,0.0762,0.6703,0.0659,0.2977,0.6146,1.4495,0.9716,0.0172,0.1516,7
0.15,0.525,255671,151899,87117,16655,0.5941,0.3407,0.0651,0.6593,0.0659,0.3045,0.6322,1.3559,0.8939,0.0147,0.1493,7
0.15,0.55,255671,151899,89635,14137,0.5941,0.3506,0.0553,0.6494,0.0659,0.311,0.6494,1.259,0.8176,0.0125,0.1469,7
0.15,0.575,255671,151899,91828,11944,0.5941,0.3592,0.0467,0.6408,0.0659,0.3173,0.6633,1.1346,0.7271,0.0107,0.1472,7
0.15,0.6,255671,151899,93814,9958,0.5941,0.3669,0.0389,0.6331,0.0659,0.3226,0.6822,1.0137,0.6418,0.009,0.1456,7
0.15,0.625,255671,151899,95502,8270,0.5941,0.3735,0.0323,0.6265,0.0659,0.3269,0.7062,0.9078,0.5687,0.0073,0.1412,7
0.15,0.65,255671,151899,96893,6879,0.5941,0.379,0.0269,0.621,0.0659,0.3304,0.7331,0.8219,0.5104,0.0059,0.1359,7
0.15,0.675,255671,151899,98100,5672,0.5941,0.3837,0.0222,0.6163,0.0659,0.334,0.7576,0.7392,0.4556,0.0047,0.1301,7
0.15,0.7,255671,151899,99071,4701,0.5941,0.3875,0.0184,0.6125,0.0659,0.3369,0.7828,0.6597,0.4041,0.0037,0.1219,7
0.15,0.725,255671,151899,99959,3813,0.5941,0.391,0.0149,0.609,0.0659,0.34,0.8059,0.5738,0.3495,0.0028,0.1151,7
0.15,0.75,255671,151899,100738,3034,0.5941,0.394,0.0119,0.606,0.0659,0.343,0.8253,0.4938,0.2992,0.0021,0.1084,7
0.15,0.775,255671,151899,101396,2376,0.5941,0.3966,0.0093,0.6034,0.0659,0.3457,0.8464,0.4214,0.2542,0.0015,0.0993,7
0.15,0.8,255671,151899,101945,1827,0.5941,0.3987,0.0071,0.6013,0.0659,0.348,0.8654,0.3449,0.2074,0.0012,0.0969,7
0.15,0.825,255671,151899,102382,1390,0.5941,0.4004,0.0054,0.5996,0.0659,0.3501,0.8763,0.2832,0.1698,0.0008,0.0878,7
0.15,0.85,255671,151899,102809,963,0.5941,0.4021,0.0038,0.5979,0.0659,0.3521,0.891,0.2144,0.1282,0.0005,0.0862,7
0.15,0.875,255671,151899,103158,614,0.5941,0.4035,0.0024,0.5965,0.0659,0.3539,0.8941,0.1423,0.0849,0.0003,0.07,7
0.15,0.9,255671,151899,103431,341,0.5941,0.4045,0.0013,0.5955,0.0659,0.3553,0.915,0.0868,0.0517,0.0002,0.0674,7
0.175,0.45,255671,163719,65990,25962,0.6404,0.2581,0.1015,0.7419,0.0735,0.3024,0.5808,1.5477,1.1482,0.0217,0.1586,7
0.175,0.475,255671,163719,69404,22548,0.6404,0.2715,0.0882,0.7285,0.0735,0.3106,0.5977,1.4556,1.0605,0.0187,0.1546,7
0.175,0.5,255671,163719,72478,19474,0.6404,0.2835,0.0762,0.7165,0.0735,0.3183,0.6146,1.356,0.9716,0.0161,0.1516,7
0.175,0.525,255671,163719,75297,16655,0.6404,0.2945,0.0651,0.7055,0.0735,0.3255,0.6322,1.267,0.8939,0.0138,0.1493,7
0.175,0.55,255671,163719,77815,14137,0.6404,0.3044,0.0553,0.6956,0.0735,0.3323,0.6494,1.1753,0.8176,0.0117,0.1469,7
0.175,0.575,255671,163719,80008,11944,0.6404,0.3129,0.0467,0.6871,0.0735,0.3389,0.6633,1.0582,0.7271,0.01,0.1472,7
0.175,0.6,255671,163719,81994,9958,0.6404,0.3207,0.0389,0.6793,0.0735,0.3445,0.6822,0.9447,0.6418,0.0083,0.1456,7
0.175,0.625,255671,163719,83682,8270,0.6404,0.3273,0.0323,0.6727,0.0735,0.3489,0.7062,0.8454,0.5687,0.0068,0.1412,7
0.175,0.65,255671,163719,85073,6879,0.6404,0.3327,0.0269,0.6673,0.0735,0.3526,0.7331,0.765,0.5104,0.0055,0.1359,7
0.175,0.675,255671,163719,86280,5672,0.6404,0.3375,0.0222,0.6625,0.0735,0.3563,0.7576,0.6876,0.4556,0.0044,0.1301,7
0.175,0.7,255671,163719,87251,4701,0.6404,0.3413,0.0184,0.6587,0.0735,0.3594,0.7828,0.6134,0.4041,0.0034,0.1219,7
0.175,0.725,255671,163719,88139,3813,0.6404,0.3447,0.0149,0.6553,0.0735,0.3626,0.8059,0.5333,0.3495,0.0026,0.1151,7
0.175,0.75,255671,163719,88918,3034,0.6404,0.3478,0.0119,0.6522,0.0735,0.3659,0.8253,0.4588,0.2992,0.002,0.1084,7
0.175,0.775,255671,163719,89576,2376,0.6404,0.3504,0.0093,0.6496,0.0735,0.3687,0.8464,0.3914,0.2542,0.0014,0.0993,7
0.175,0.8,255671,163719,90125,1827,0.6404,0.3525,0.0071,0.6475,0.0735,0.3712,0.8654,0.3202,0.2074,0.0011,0.0969,7
0.175,0.825,255671,163719,90562,1390,0.6404,0.3542,0.0054,0.6458,0.0735,0.3734,0.8763,0.2629,0.1698,0.0007,0.0878,7
0.175,0.85,255671,163719,90989,963,0.6404,0.3559,0.0038,0.6441,0.0735,0.3756,0.891,0.199,0.1282,0.0005,0.0862,7
0.175,0.875,255671,163719,91338,614,0.6404,0.3572,0.0024,0.6428,0.0735,0.3776,0.8941,0.1321,0.0849,0.0003,0.07,7
0.175,0.9,255671,163719,91611,341,0.6404,0.3583,0.0013,0.6417,0.0735,0.379,0.915,0.0806,0.0517,0.0001,0.0674,7
0.2,0.45,255671,173373,56336,25962,0.6781,0.2203,0.1015,0.7797,0.0802,0.3211,0.5808,1.4727,1.1482,0.0207,0.1586,7
0.2,0.475,255671,173373,59750,22548,0.6781,0.2337,0.0882,0.7663,0.0802,0.3296,0.5977,1.3839,1.0605,0.0178,0.1546,7
0.2,0.5,255671,173373,62824,19474,0.6781,0.2457,0.0762,0.7543,0.0802,0.3375,0.6146,1.2881,0.9716,0.0153,0.1516,7
0.2,0.525,255671,173373,65643,16655,0.6781,0.2567,0.0651,0.7433,0.0802,0.3449,0.6322,1.2027,0.8939,0.0131,0.1493,7
0.2,0.55,255671,173373,68161,14137,0.6781,0.2666,0.0553,0.7334,0.0802,0.3519,0.6494,1.1148,0.8176,0.0111,0.1469,7
0.2,0.575,255671,173373,70354,11944,0.6781,0.2752,0.0467,0.7248,0.0802,0.3589,0.6633,1.0031,0.7271,0.0095,0.1472,7
0.2,0.6,255671,173373,72340,9958,0.6781,0.2829,0.0389,0.7171,0.0802,0.3646,0.6822,0.895,0.6418,0.0079,0.1456,7
0.2,0.625,255671,173373,74028,8270,0.6781,0.2895,0.0323,0.7105,0.0802,0.3692,0.7062,0.8005,0.5687,0.0064,0.1412,7
0.2,0.65,255671,173373,75419,6879,0.6781,0.295,0.0269,0.705,0.0802,0.3729,0.7331,0.724,0.5104,0.0052,0.1359,7
0.2,0.675,255671,173373,76626,5672,0.6781,0.2997,0.0222,0.7003,0.0802,0.3768,0.7576,0.6506,0.4556,0.0041,0.1301,7
0.2,0.7,255671,173373,77597,4701,0.6781,0.3035,0.0184,0.6965,0.0802,0.38,0.7828,0.5801,0.4041,0.0032,0.1219,7
0.2,0.725,255671,173373,78485,3813,0.6781,0.307,0.0149,0.693,0.0802,0.3835,0.8059,0.5043,0.3495,0.0025,0.1151,7
0.2,0.75,255671,173373,79264,3034,0.6781,0.31,0.0119,0.69,0.0802,0.3869,0.8253,0.4337,0.2992,0.0019,0.1084,7
0.2,0.775,255671,173373,79922,2376,0.6781,0.3126,0.0093,0.6874,0.0802,0.3899,0.8464,0.3699,0.2542,0.0013,0.0993,7
0.2,0.8,255671,173373,80471,1827,0.6781,0.3147,0.0071,0.6853,0.0802,0.3926,0.8654,0.3026,0.2074,0.001,0.0969,7
0.2,0.825,255671,173373,80908,1390,0.6781,0.3165,0.0054,0.6835,0.0802,0.3949,0.8763,0.2484,0.1698,0.0007,0.0878,7
0.2,0.85,255671,173373,81335,963,0.6781,0.3181,0.0038,0.6819,0.0802,0.3973,0.891,0.188,0.1282,0.0005,0.0862,7
0.2,0.875,255671,173373,81684,614,0.6781,0.3195,0.0024,0.6805,0.0802,0.3994,0.8941,0.1247,0.0849,0.0002,0.07,7
0.2,0.9,255671,173373,81957,341,0.6781,0.3206,0.0013,0.6794,0.0802,0.4009,0.915,0.0761,0.0517,0.0001,0.0674,7
0.225,0.45,255671,182004,47705,25962,0.7119,0.1866,0.1015,0.8134,0.0869,0.3392,0.5808,1.4116,1.1482,0.0198,0.1586,7
0.225,0.475,255671,182004,51119,22548,0.7119,0.1999,0.0882,0.8001,0.0869,0.3479,0.5977,1.3255,1.0605,0.017,0.1546,7
0.225,0.5,255671,182004,54193,19474,0.7119,0.212,0.0762,0.788,0.0869,0.356,0.6146,1.2329,0.9716,0.0147,0.1516,7
0.225,0.525,255671,182004,57012,16655,0.7119,0.223,0.0651,0.777,0.0869,0.3636,0.6322,1.1504,0.8939,0.0125,0.1493,7
0.225,0.55,255671,182004,59530,14137,0.7119,0.2328,0.0553,0.7672,0.0869,0.3709,0.6494,1.0658,0.8176,0.0106,0.1469,7
0.225,0.575,255671,182004,61723,11944,0.7119,0.2414,0.0467,0.7586,0.0869,0.3781,0.6633,0.9584,0.7271,0.0091,0.1472,7
0.225,0.6,255671,182004,63709,9958,0.7119,0.2492,0.0389,0.7508,0.0869,0.384,0.6822,0.8548,0.6418,0.0076,0.1456,7
0.225,0.625,255671,182004,65397,8270,0.7119,0.2558,0.0323,0.7442,0.0869,0.3887,0.7062,0.7642,0.5687,0.0061,0.1412,7
0.225,0.65,255671,182004,66788,6879,0.7119,0.2612,0.0269,0.7388,0.0869,0.3925,0.7331,0.6909,0.5104,0.005,0.1359,7
0.225,0.675,255671,182004,67995,5672,0.7119,0.2659,0.0222,0.7341,0.0869,0.3965,0.7576,0.6206,0.4556,0.0039,0.1301,7
0.225,0.7,255671,182004,68966,4701,0.7119,0.2697,0.0184,0.7303,0.0869,0.3999,0.7828,0.5533,0.4041,0.0031,0.1219,7
0.225,0.725,255671,182004,69854,3813,0.7119,0.2732,0.0149,0.7268,0.0869,0.4035,0.8059,0.4808,0.3495,0.0024,0.1151,7
0.225,0.75,255671,182004,70633,3034,0.7119,0.2763,0.0119,0.7237,0.0869,0.4071,0.8253,0.4135,0.2992,0.0018,0.1084,7
0.225,0.775,255671,182004,71291,2376,0.7119,0.2788,0.0093,0.7212,0.0869,0.4103,0.8464,0.3526,0.2542,0.0013,0.0993,7
0.225,0.8,255671,182004,71840,1827,0.7119,0.281,0.0071,0.719,0.0869,0.4131,0.8654,0.2884,0.2074,0.001,0.0969,7
0.225,0.825,255671,182004,72277,1390,0.7119,0.2827,0.0054,0.7173,0.0869,0.4157,0.8763,0.2367,0.1698,0.0007,0.0878,7
0.225,0.85,255671,182004,72704,963,0.7119,0.2844,0.0038,0.7156,0.0869,0.4182,0.891,0.1791,0.1282,0.0005,0.0862,7
0.225,0.875,255671,182004,73053,614,0.7119,0.2857,0.0024,0.7143,0.0869,0.4204,0.8941,0.1189,0.0849,0.0002,0.07,7
0.225,0.9,255671,182004,73326,341,0.7119,0.2868,0.0013,0.7132,0.0869,0.4221,0.915,0.0725,0.0517,0.0001,0.0674,7
0.25,0.45,255671,189364,40345,25962,0.7407,0.1578,0.1015,0.8422,0.0934,0.3548,0.5808,1.3633,1.1482,0.0191,0.1586,7
0.25,0.475,255671,189364,43759,22548,0.7407,0.1712,0.0882,0.8288,0.0934,0.3637,0.5977,1.2795,1.0605,0.0164,0.1546,7
0.25,0.5,255671,189364,46833,19474,0.7407,0.1832,0.0762,0.8168,0.0934,0.3721,0.6146,1.1894,0.9716,0.0141,0.1516,7
0.25,0.525,255671,189364,49652,16655,0.7407,0.1942,0.0651,0.8058,0.0934,0.3799,0.6322,1.1093,0.8939,0.0121,0.1493,7
0.25,0.55,255671,189364,52170,14137,0.7407,0.2041,0.0553,0.7959,0.0934,0.3874,0.6494,1.0272,0.8176,0.0102,0.1469,7
0.25,0.575,255671,189364,54363,11944,0.7407,0.2126,0.0467,0.7874,0.0934,0.3949,0.6633,0.9234,0.7271,0.0087,0.1472,7
0.25,0.6,255671,189364,56349,9958,0.7407,0.2204,0.0389,0.7796,0.0934,0.4011,0.6822,0.8232,0.6418,0.0073,0.1456,7
0.25,0.625,255671,189364,58037,8270,0.7407,0.227,0.0323,0.773,0.0934,0.4058,0.7062,0.7357,0.5687,0.0059,0.1412,7
0.25,0.65,255671,189364,59428,6879,0.7407,0.2324,0.0269,0.7676,0.0934,0.4097,0.7331,0.665,0.5104,0.0048,0.1359,7
0.25,0.675,255671,189364,60635,5672,0.7407,0.2372,0.0222,0.7628,0.0934,0.4139,0.7576,0.5972,0.4556,0.0038,0.1301,7
0.25,0.7,255671,189364,61606,4701,0.7407,0.241,0.0184,0.759,0.0934,0.4174,0.7828,0.5323,0.4041,0.003,0.1219,7
0.25,0.725,255671,189364,62494,3813,0.7407,0.2444,0.0149,0.7556,0.0934,0.4212,0.8059,0.4625,0.3495,0.0023,0.1151,7
0.25,0.75,255671,189364,63273,3034,0.7407,0.2475,0.0119,0.7525,0.0934,0.425,0.8253,0.3976,0.2992,0.0017,0.1084,7
0.25,0.775,255671,189364,63931,2376,0.7407,0.2501,0.0093,0.7499,0.0934,0.4283,0.8464,0.339,0.2542,0.0012,0.0993,7
0.25,0.8,255671,189364,64480,1827,0.7407,0.2522,0.0071,0.7478,0.0934,0.4313,0.8654,0.2773,0.2074,0.0009,0.0969,7
0.25,0.825,255671,189364,64917,1390,0.7407,0.2539,0.0054,0.7461,0.0934,0.434,0.8763,0.2276,0.1698,0.0006,0.0878,7
0.25,0.85,255671,189364,65344,963,0.7407,0.2556,0.0038,0.7444,0.0934,0.4367,0.891,0.1722,0.1282,0.0004,0.0862,7
0.25,0.875,255671,189364,65693,614,0.7407,0.2569,0.0024,0.7431,0.0934,0.4391,0.8941,0.1142,0.0849,0.0002,0.07,7
0.25,0.9,255671,189364,65966,341,0.7407,0.258,0.0013,0.742,0.0934,0.4408,0.915,0.0697,0.0517,0.0001,0.0674,7
0.275,0.45,255671,196046,33663,25962,0.7668,0.1317,0.1015,0.8683,0.0997,0.3697,0.5808,1.3223,1.1482,0.0185,0.1586,7
0.275,0.475,255671,196046,37077,22548,0.7668,0.145,0.0882,0.855,0.0997,0.3789,0.5977,1.2404,1.0605,0.0159,0.1546,7
0.275,0.5,255671,196046,40151,19474,0.7668,0.157,0.0762,0.843,0.0997,0.3875,0.6146,1.1526,0.9716,0.0137,0.1516,7
0.275,0.525,255671,196046,42970,16655,0.7668,0.1681,0.0651,0.8319,0.0997,0.3955,0.6322,1.0745,0.8939,0.0117,0.1493,7
0.275,0.55,255671,196046,45488,14137,0.7668,0.1779,0.0553,0.8221,0.0997,0.4033,0.6494,0.9946,0.8176,0.0099,0.1469,7
0.275,0.575,255671,196046,47681,11944,0.7668,0.1865,0.0467,0.8135,0.0997,0.4111,0.6633,0.8937,0.7271,0.0085,0.1472,7
0.275,0.6,255671,196046,49667,9958,0.7668,0.1943,0.0389,0.8057,0.0997,0.4174,0.6822,0.7965,0.6418,0.007,0.1456,7
0.275,0.625,255671,196046,51355,8270,0.7668,0.2009,0.0323,0.7991,0.0997,0.4223,0.7062,0.7116,0.5687,0.0057,0.1412,7
0.275,0.65,255671,196046,52746,6879,0.7668,0.2063,0.0269,0.7937,0.0997,0.4263,0.7331,0.6431,0.5104,0.0046,0.1359,7
0.275,0.675,255671,196046,53953,5672,0.7668,0.211,0.0222,0.789,0.0997,0.4305,0.7576,0.5774,0.4556,0.0037,0.1301,7
0.275,0.7,255671,196046,54924,4701,0.7668,0.2148,0.0184,0.7852,0.0997,0.4342,0.7828,0.5146,0.4041,0.0029,0.1219,7
0.275,0.725,255671,196046,55812,3813,0.7668,0.2183,0.0149,0.7817,0.0997,0.4381,0.8059,0.447,0.3495,0.0022,0.1151,7
0.275,0.75,255671,196046,56591,3034,0.7668,0.2213,0.0119,0.7787,0.0997,0.4422,0.8253,0.3843,0.2992,0.0017,0.1084,7
0.275,0.775,255671,196046,57249,2376,0.7668,0.2239,0.0093,0.7761,0.0997,0.4457,0.8464,0.3276,0.2542,0.0012,0.0993,7
0.275,0.8,255671,196046,57798,1827,0.7668,0.2261,0.0071,0.7739,0.0997,0.4489,0.8654,0.2679,0.2074,0.0009,0.0969,7
0.275,0.825,255671,196046,58235,1390,0.7668,0.2278,0.0054,0.7722,0.0997,0.4518,0.8763,0.2199,0.1698,0.0006,0.0878,7
0.275,0.85,255671,196046,58662,963,0.7668,0.2294,0.0038,0.7706,0.0997,0.4546,0.891,0.1663,0.1282,0.0004,0.0862,7
0.275,0.875,255671,196046,59011,614,0.7668,0.2308,0.0024,0.7692,0.0997,0.4572,0.8941,0.1104,0.0849,0.0002,0.07,7
0.275,0.9,255671,196046,59284,341,0.7668,0.2319,0.0013,0.7681,0.0997,0.459,0.915,0.0673,0.0517,0.0001,0.0674,7
0.3,0.45,255671,202207,27502,25962,0.7909,0.1076,0.1015,0.8924,0.106,0.3839,0.5808,1.2866,1.1482,0.018,0.1586,7
0.3,0.475,255671,202207,30916,22548,0.7909,0.1209,0.0882,0.8791,0.106,0.3934,0.5977,1.2064,1.0605,0.0155,0.1546,7
0.3,0.5,255671,202207,33990,19474,0.7909,0.1329,0.0762,0.8671,0.106,0.4022,0.6146,1.1205,0.9716,0.0133,0.1516,7
0.3,0.525,255671,202207,36809,16655,0.7909,0.144,0.0651,0.856,0.106,0.4104,0.6322,1.0442,0.8939,0.0114,0.1493,7
0.3,0.55,255671,202207,39327,14137,0.7909,0.1538,0.0553,0.8462,0.106,0.4185,0.6494,0.9662,0.8176,0.0096,0.1469,7
0.3,0.575,255671,202207,41520,11944,0.7909,0.1624,0.0467,0.8376,0.106,0.4267,0.6633,0.868,0.7271,0.0082,0.1472,7
0.3,0.6,255671,202207,43506,9958,0.7909,0.1702,0.0389,0.8298,0.106,0.4332,0.6822,0.7734,0.6418,0.0068,0.1456,7
0.3,0.625,255671,202207,45194,8270,0.7909,0.1768,0.0323,0.8232,0.106,0.4381,0.7062,0.6908,0.5687,0.0055,0.1412,7
0.3,0.65,255671,202207,46585,6879,0.7909,0.1822,0.0269,0.8178,0.106,0.4421,0.7331,0.6242,0.5104,0.0045,0.1359,7
0.3,0.675,255671,202207,47792,5672,0.7909,0.1869,0.0222,0.8131,0.106,0.4465,0.7576,0.5603,0.4556,0.0036,0.1301,7
0.3,0.7,255671,202207,48763,4701,0.7909,0.1907,0.0184,0.8093,0.106,0.4503,0.7828,0.4993,0.4041,0.0028,0.1219,7
0.3,0.725,255671,202207,49651,3813,0.7909,0.1942,0.0149,0.8058,0.106,0.4545,0.8059,0.4337,0.3495,0.0021,0.1151,7
0.3,0.75,255671,202207,50430,3034,0.7909,0.1972,0.0119,0.8028,0.106,0.4587,0.8253,0.3728,0.2992,0.0016,0.1084,7
0.3,0.775,255671,202207,51088,2376,0.7909,0.1998,0.0093,0.8002,0.106,0.4625,0.8464,0.3177,0.2542,0.0012,0.0993,7
0.3,0.8,255671,202207,51637,1827,0.7909,0.202,0.0071,0.798,0.106,0.4659,0.8654,0.2598,0.2074,0.0009,0.0969,7
0.3,0.825,255671,202207,52074,1390,0.7909,0.2037,0.0054,0.7963,0.106,0.4689,0.8763,0.2132,0.1698,0.0006,0.0878,7
0.3,0.85,255671,202207,52501,963,0.7909,0.2053,0.0038,0.7947,0.106,0.472,0.891,0.1613,0.1282,0.0004,0.0862,7
0.3,0.875,255671,202207,52850,614,0.7909,0.2067,0.0024,0.7933,0.106,0.4747,0.8941,0.107,0.0849,0.0002,0.07,7
0.3,0.9,255671,202207,53123,341,0.7909,0.2078,0.0013,0.7922,0.106,0.4767,0.915,0.0652,0.0517,0.0001,0.0674,7
0.325,0.45,255671,207824,21885,25962,0.8129,0.0856,0.1015,0.9144,0.1121,0.3969,0.5808,1.2557,1.1482,0.0176,0.1586,7
0.325,0.475,255671,207824,25299,22548,0.8129,0.099,0.0882,0.901,0.1121,0.4068,0.5977,1.1769,1.0605,0.0151,0.1546,7
0.325,0.5,255671,207824,28373,19474,0.8129,0.111,0.0762,0.889,0.1121,0.4159,0.6146,1.0928,0.9716,0.013,0.1516,7
0.325,0.525,255671,207824,31192,16655,0.8129,0.122,0.0651,0.878,0.1121,0.4244,0.6322,1.0181,0.8939,0.0111,0.1493,7
0.325,0.55,255671,207824,33710,14137,0.8129,0.1318,0.0553,0.8682,0.1121,0.4327,0.6494,0.9418,0.8176,0.0094,0.1469,7
0.325,0.575,255671,207824,35903,11944,0.8129,0.1404,0.0467,0.8596,0.1121,0.4413,0.6633,0.8458,0.7271,0.008,0.1472,7
0.325,0.6,255671,207824,37889,9958,0.8129,0.1482,0.0389,0.8518,0.1121,0.448,0.6822,0.7534,0.6418,0.0067,0.1456,7
0.325,0.625,255671,207824,39577,8270,0.8129,0.1548,0.0323,0.8452,0.1121,0.453,0.7062,0.6729,0.5687,0.0054,0.1412,7
0.325,0.65,255671,207824,40968,6879,0.8129,0.1602,0.0269,0.8398,0.1121,0.457,0.7331,0.6078,0.5104,0.0044,0.1359,7
0.325,0.675,255671,207824,42175,5672,0.8129,0.165,0.0222,0.835,0.1121,0.4616,0.7576,0.5456,0.4556,0.0035,0.1301,7
0.325,0.7,255671,207824,43146,4701,0.8129,0.1688,0.0184,0.8312,0.1121,0.4656,0.7828,0.4861,0.4041,0.0027,0.1219,7
0.325,0.725,255671,207824,44034,3813,0.8129,0.1722,0.0149,0.8278,0.1121,0.47,0.8059,0.4222,0.3495,0.0021,0.1151,7
0.325,0.75,255671,207824,44813,3034,0.8129,0.1753,0.0119,0.8247,0.1121,0.4745,0.8253,0.3628,0.2992,0.0016,0.1084,7
0.325,0.775,255671,207824,45471,2376,0.8129,0.1778,0.0093,0.8222,0.1121,0.4785,0.8464,0.3092,0.2542,0.0011,0.0993,7
0.325,0.8,255671,207824,46020,1827,0.8129,0.18,0.0071,0.82,0.1121,0.4821,0.8654,0.2529,0.2074,0.0008,0.0969,7
0.325,0.825,255671,207824,46457,1390,0.8129,0.1817,0.0054,0.8183,0.1121,0.4854,0.8763,0.2075,0.1698,0.0006,0.0878,7
0.325,0.85,255671,207824,46884,963,0.8129,0.1834,0.0038,0.8166,0.1121,0.4886,0.891,0.1569,0.1282,0.0004,0.0862,7
0.325,0.875,255671,207824,47233,614,0.8129,0.1847,0.0024,0.8153,0.1121,0.4916,0.8941,0.1041,0.0849,0.0002,0.07,7
0.325,0.9,255671,207824,47506,341,0.8129,0.1858,0.0013,0.8142,0.1121,0.4937,0.915,0.0635,0.0517,0.0001,0.0674,7
0.35,0.45,255671,212917,16792,25962,0.8328,0.0657,0.1015,0.9343,0.1181,0.4077,0.5808,1.2289,1.1482,0.0172,0.1586,7
0.35,0.475,255671,212917,20206,22548,0.8328,0.079,0.0882,0.921,0.1181,0.4182,0.5977,1.1515,1.0605,0.0148,0.1546,7
0.35,0.5,255671,212917,23280,19474,0.8328,0.0911,0.0762,0.9089,0.1181,0.4277,0.6146,1.0689,0.9716,0.0127,0.1516,7
0.35,0.525,255671,212917,26099,16655,0.8328,0.1021,0.0651,0.8979,0.1181,0.4366,0.6322,0.9955,0.8939,0.0108,0.1493,7
0.35,0.55,255671,212917,28617,14137,0.8328,0.1119,0.0553,0.8881,0.1181,0.4454,0.6494,0.9207,0.8176,0.0091,0.1469,7
0.35,0.575,255671,212917,30810,11944,0.8328,0.1205,0.0467,0.8795,0.1181,0.4545,0.6633,0.8267,0.7271,0.0078,0.1472,7
0.35,0.6,255671,212917,32796,9958,0.8328,0.1283,0.0389,0.8717,0.1181,0.4614,0.6822,0.7362,0.6418,0.0065,0.1456,7
0.35,0.625,255671,212917,34484,8270,0.8328,0.1349,0.0323,0.8651,0.1181,0.4665,0.7062,0.6574,0.5687,0.0053,0.1412,7
0.35,0.65,255671,212917,35875,6879,0.8328,0.1403,0.0269,0.8597,0.1181,0.4706,0.7331,0.5938,0.5104,0.0043,0.1359,7
0.35,0.675,255671,212917,37082,5672,0.8328,0.145,0.0222,0.855,0.1181,0.4754,0.7576,0.5329,0.4556,0.0034,0.1301,7
0.35,0.7,255671,212917,38053,4701,0.8328,0.1488,0.0184,0.8512,0.1181,0.4795,0.7828,0.4747,0.4041,0.0026,0.1219,7
0.35,0.725,255671,212917,38941,3813,0.8328,0.1523,0.0149,0.8477,0.1181,0.4841,0.8059,0.4122,0.3495,0.002,0.1151,7
0.35,0.75,255671,212917,39720,3034,0.8328,0.1554,0.0119,0.8446,0.1181,0.489,0.8253,0.3543,0.2992,0.0015,0.1084,7
0.35,0.775,255671,212917,40378,2376,0.8328,0.1579,0.0093,0.8421,0.1181,0.4932,0.8464,0.3019,0.2542,0.0011,0.0993,7
0.35,0.8,255671,212917,40927,1827,0.8328,0.1601,0.0071,0.8399,0.1181,0.4971,0.8654,0.2469,0.2074,0.0008,0.0969,7
0.35,0.825,255671,212917,41364,1390,0.8328,0.1618,0.0054,0.8382,0.1181,0.5006,0.8763,0.2026,0.1698,0.0006,0.0878,7
0.35,0.85,255671,212917,41791,963,0.8328,0.1635,0.0038,0.8365,0.1181,0.5041,0.891,0.1532,0.1282,0.0004,0.0862,7
0.35,0.875,255671,212917,42140,614,0.8328,0.1648,0.0024,0.8352,0.1181,0.5073,0.8941,0.1016,0.0849,0.0002,0.07,7
0.35,0.9,255671,212917,42413,341,0.8328,0.1659,0.0013,0.8341,0.1181,0.5096,0.915,0.062,0.0517,0.0001,0.0674,7
0.05,0.45,255671,28004,166908,60759,0.1095,0.6528,0.2376,0.3472,0.0295,0.2038,0.6422,6.3833,2.2161,0.1379,0.2015,14
0.05,0.475,255671,28004,171744,55923,0.1095,0.6717,0.2187,0.3283,0.0295,0.2117,0.6559,6.6246,2.1746,0.1298,0.1947,14
0.05,0.5,255671,28004,176506,51161,0.1095,0.6904,0.2001,0.3096,0.0295,0.2194,0.6704,6.8568,2.1231,0.1217,0.1884,14
0.05,0.525,255671,28004,181078,46589,0.1095,0.7082,0.1822,0.2918,0.0295,0.2272,0.6847,7.0804,2.0657,0.1142,0.1828,14
0.05,0.55,255671,28004,185652,42015,0.1095,0.7261,0.1643,0.2739,0.0295,0.235,0.6999,7.2422,1.9834,0.1062,0.177,14
0.05,0.575,255671,28004,190173,37494,0.1095,0.7438,0.1466,0.2562,0.0295,0.2433,0.7138,7.3841,1.8917,0.0976,0.1704,14
0.05,0.6,255671,28004,194738,32929,0.1095,0.7617,0.1288,0.2383,0.0295,0.2517,0.7294,7.4993,1.7873,0.0885,0.1638,14
0.05,0.625,255671,28004,199167,28500,0.1095,0.779,0.1115,0.221,0.0295,0.2602,0.7444,7.5108,1.6599,0.0797,0.158,14
0.05,0.65,255671,28004,203317,24350,0.1095,0.7952,0.0952,0.2048,0.0295,0.2685,0.7572,7.4097,1.5173,0.0712,0.1531,14
0.05,0.675,255671,28004,207001,20666,0.1095,0.8096,0.0808,0.1904,0.0295,0.2759,0.7703,7.2249,1.3753,0.063,0.1484,14
0.05,0.7,255671,28004,210329,17338,0.1095,0.8227,0.0678,0.1773,0.0295,0.2825,0.7846,7.0218,1.2453,0.0551,0.144,14
0.05,0.725,255671,28004,213427,14240,0.1095,0.8348,0.0557,0.1652,0.0295,0.289,0.7976,6.6151,1.093,0.0478,0.1419,14
0.05,0.75,255671,28004,216165,11502,0.1095,0.8455,0.045,0.1545,0.0295,0.2946,0.8127,6.122,0.946,0.0403,0.1383,14
0.05,0.775,255671,28004,218461,9206,0.1095,0.8545,0.036,0.1455,0.0295,0.2994,0.8285,5.6388,0.8207,0.033,0.1333,14
0.05,0.8,255671,28004,220516,7151,0.1095,0.8625,0.028,0.1375,0.0295,0.3038,0.8451,5.1159,0.7034,0.0256,0.1257,14
0.05,0.825,255671,28004,222326,5341,0.1095,0.8696,0.0209,0.1304,0.0295,0.3077,0.8665,4.4742,0.5835,0.0189,0.118,14
0.05,0.85,255671,28004,223752,3915,0.1095,0.8752,0.0153,0.1248,0.0295,0.3109,0.8874,3.7249,0.465,0.0136,0.1109,14
0.05,0.875,255671,28004,225059,2608,0.1095,0.8803,0.0102,0.1197,0.0295,0.314,0.908,2.8327,0.3392,0.0088,0.1031,14
0.05,0.9,255671,28004,226112,1555,0.1095,0.8844,0.0061,0.1156,0.0295,0.3166,0.9318,1.9732,0.2281,0.0044,0.0842,14
0.075,0.45,255671,47766,147146,60759,0.1868,0.5755,0.2376,0.4245,0.0422,0.2231,0.6422,5.2209,2.2161,0.1128,0.2015,14
0.075,0.475,255671,47766,151982,55923,0.1868,0.5944,0.2187,0.4056,0.0422,0.2314,0.6559,5.362,2.1746,0.105,0.1947,14
0.075,0.5,255671,47766,156744,51161,0.1868,0.6131,0.2001,0.3869,0.0422,0.2395,0.6704,5.4871,2.1231,0.0974,0.1884,14
0.075,0.525,255671,47766,161316,46589,0.1868,0.631,0.1822,0.369,0.0422,0.2476,0.6847,5.5974,2.0657,0.0902,0.1828,14
0.075,0.55,255671,47766,165890,42015,0.1868,0.6488,0.1643,0.3512,0.0422,0.2558,0.6999,5.6481,1.9834,0.0828,0.177,14
0.075,0.575,255671,47766,170411,37494,0.1868,0.6665,0.1466,0.3335,0.0422,0.2645,0.7138,5.6725,1.8917,0.0749,0.1704,14
0.075,0.6,255671,47766,174976,32929,0.1868,0.6844,0.1288,0.3156,0.0422,0.2733,0.7294,5.6627,1.7873,0.0668,0.1638,14
0.075,0.625,255671,47766,179405,28500,0.1868,0.7017,0.1115,0.2983,0.0422,0.2822,0.7444,5.5646,1.6599,0.059,0.158,14
0.075,0.65,255671,47766,183555,24350,0.1868,0.7179,0.0952,0.2821,0.0422,0.2909,0.7572,5.3792,1.5173,0.0517,0.1531,14
0.075,0.675,255671,47766,187239,20666,0.1868,0.7323,0.0808,0.2677,0.0422,0.2987,0.7703,5.1385,1.3753,0.0448,0.1484,14
0.075,0.7,255671,47766,190567,17338,0.1868,0.7454,0.0678,0.2546,0.0422,0.3056,0.7846,4.8903,1.2453,0.0384,0.144,14
0.075,0.725,255671,47766,193665,14240,0.1868,0.7575,0.0557,0.2425,0.0422,0.3123,0.7976,4.5068,1.093,0.0326,0.1419,14
0.075,0.75,255671,47766,196403,11502,0.1868,0.7682,0.045,0.2318,0.0422,0.3182,0.8127,4.0807,0.946,0.0268,0.1383,14
0.075,0.775,255671,47766,198699,9206,0.1868,0.7772,0.036,0.2228,0.0422,0.3232,0.8285,3.6829,0.8207,0.0215,0.1333,14
0.075,0.8,255671,47766,200754,7151,0.1868,0.7852,0.028,0.2148,0.0422,0.3278,0.8451,3.2749,0.7034,0.0164,0.1257,14
0.075,0.825,255671,47766,202564,5341,0.1868,0.7923,0.0209,0.2077,0.0422,0.3318,0.8665,2.8093,0.5835,0.0119,0.118,14
0.075,0.85,255671,47766,203990,3915,0.1868,0.7979,0.0153,0.2021,0.0422,0.3352,0.8874,2.3006,0.465,0.0084,0.1109,14
0.075,0.875,255671,47766,205297,2608,0.1868,0.803,0.0102,0.197,0.0422,0.3384,0.908,1.7214,0.3392,0.0053,0.1031,14
0.075,0.9,255671,47766,206350,1555,0.1868,0.8071,0.0061,0.1929,0.0422,0.3411,0.9318,1.1826,0.2281,0.0027,0.0842,14
0.1,0.45,255671,66520,128392,60759,0.2602,0.5022,0.2376,0.4978,0.0534,0.2437,0.6422,4.4516,2.2161,0.0962,0.2015,14
0.1,0.475,255671,66520,133228,55923,0.2602,0.5211,0.2187,0.4789,0.0534,0.2524,0.6559,4.5407,2.1746,0.0889,0.1947,14
0.1,0.5,255671,66520,137990,51161,0.2602,0.5397,0.2001,0.4603,0.0534,0.2609,0.6704,4.6126,2.1231,0.0819,0.1884,14
0.1,0.525,255671,66520,142562,46589,0.2602,0.5576,0.1822,0.4424,0.0534,0.2694,0.6847,4.6694,2.0657,0.0753,0.1828,14
0.1,0.55,255671,66520,147136,42015,0.2602,0.5755,0.1643,0.4245,0.0534,0.278,0.6999,4.6722,1.9834,0.0685,0.177,14
0.1,0.575,255671,66520,151657,37494,0.2602,0.5932,0.1466,0.4068,0.0534,0.2871,0.7138,4.6498,1.8917,0.0614,0.1704,14
0.1,0.6,255671,66520,156222,32929,0.2602,0.611,0.1288,0.389,0.0534,0.2963,0.7294,4.5949,1.7873,0.0542,0.1638,14
0.1,0.625,255671,66520,160651,28500,0.2602,0.6284,0.1115,0.3716,0.0534,0.3056,0.7444,4.4663,1.6599,0.0474,0.158,14
0.1,0.65,255671,66520,164801,24350,0.2602,0.6446,0.0952,0.3554,0.0534,0.3147,0.7572,4.269,1.5173,0.041,0.1531,14
0.1,0.675,255671,66520,168485,20666,0.2602,0.659,0.0808,0.341,0.0534,0.3228,0.7703,4.0332,1.3753,0.0352,0.1484,14
0.1,0.7,255671,66520,171813,17338,0.2602,0.672,0.0678,0.328,0.0534,0.33,0.7846,3.7967,1.2453,0.0298,0.144,14
0.1,0.725,255671,66520,174911,14240,0.2602,0.6841,0.0557,0.3159,0.0534,0.337,0.7976,3.4602,1.093,0.025,0.1419,14
0.1,0.75,255671,66520,177649,11502,0.2602,0.6948,0.045,0.3052,0.0534,0.3431,0.8127,3.0999,0.946,0.0204,0.1383,14
0.1,0.775,255671,66520,179945,9206,0.2602,0.7038,0.036,0.2962,0.0534,0.3483,0.8285,2.7708,0.8207,0.0162,0.1333,14
0.1,0.8,255671,66520,182000,7151,0.2602,0.7119,0.028,0.2881,0.0534,0.3531,0.8451,2.4413,0.7034,0.0122,0.1257,14
0.1,0.825,255671,66520,183810,5341,0.2602,0.7189,0.0209,0.2811,0.0534,0.3573,0.8665,2.0761,0.5835,0.0088,0.118,14
0.1,0.85,255671,66520,185236,3915,0.2602,0.7245,0.0153,0.2755,0.0534,0.3608,0.8874,1.688,0.465,0.0062,0.1109,14
0.1,0.875,255671,66520,186543,2608,0.2602,0.7296,0.0102,0.2704,0.0534,0.3642,0.908,1.2544,0.3392,0.0039,0.1031,14
0.1,0.9,255671,66520,187596,1555,0.2602,0.7337,0.0061,0.2663,0.0534,0.367,0.9318,0.8568,0.2281,0.0019,0.0842,14
0.125,0.45,255671,84374,110538,60759,0.33,0.4323,0.2376,0.5677,0.065,0.2655,0.6422,3.904,2.2161,0.0843,0.2015,14
0.125,0.475,255671,84374,115374,55923,0.33,0.4513,0.2187,0.5487,0.065,0.2747,0.6559,3.9629,2.1746,0.0776,0.1947,14
0.125,0.5,255671,84374,120136,51161,0.33,0.4699,0.2001,0.5301,0.065,0.2837,0.6704,4.005,2.1231,0.0711,0.1884,14
0.125,0.525,255671,84374,124708,46589,0.33,0.4878,0.1822,0.5122,0.065,0.2925,0.6847,4.0328,2.0657,0.065,0.1828,14
0.125,0.55,255671,84374,129282,42015,0.33,0.5057,0.1643,0.4943,0.065,0.3014,0.6999,4.0122,1.9834,0.0588,0.177,14
0.125,0.575,255671,84374,133803,37494,0.33,0.5233,0.1466,0.4767,0.065,0.311,0.7138,3.9686,1.8917,0.0524,0.1704,14
0.125,0.6,255671,84374,138368,32929,0.33,0.5412,0.1288,0.4588,0.065,0.3206,0.7294,3.8955,1.7873,0.046,0.1638,14
0.125,0.625,255671,84374,142797,28500,0.33,0.5585,0.1115,0.4415,0.065,0.3302,0.7444,3.7599,1.6599,0.0399,0.158,14
0.125,0.65,255671,84374,146947,24350,0.33,0.5748,0.0952,0.4252,0.065,0.3398,0.7572,3.568,1.5173,0.0343,0.1531,14
0.125,0.675,255671,84374,150631,20666,0.33,0.5892,0.0808,0.4108,0.065,0.3482,0.7703,3.3476,1.3753,0.0292,0.1484,14
0.125,0.7,255671,84374,153959,17338,0.33,0.6022,0.0678,0.3978,0.065,0.3557,0.7846,3.1302,1.2453,0.0245,0.144,14
0.125,0.725,255671,84374,157057,14240,0.33,0.6143,0.0557,0.3857,0.065,0.363,0.7976,2.8337,1.093,0.0205,0.1419,14
0.125,0.75,255671,84374,159795,11502,0.33,0.625,0.045,0.375,0.065,0.3694,0.8127,2.5226,0.946,0.0166,0.1383,14
0.125,0.775,255671,84374,162091,9206,0.33,0.634,0.036,0.366,0.065,0.3748,0.8285,2.2422,0.8207,0.0131,0.1333,14
0.125,0.8,255671,84374,164146,7151,0.33,0.642,0.028,0.358,0.065,0.3797,0.8451,1.965,0.7034,0.0098,0.1257,14
0.125,0.825,255671,84374,165956,5341,0.33,0.6491,0.0209,0.3509,0.065,0.3841,0.8665,1.6629,0.5835,0.007,0.118,14
0.125,0.85,255671,84374,167382,3915,0.33,0.6547,0.0153,0.3453,0.065,0.3877,0.8874,1.3467,0.465,0.0049,0.1109,14
0.125,0.875,255671,84374,168689,2608,0.33,0.6598,0.0102,0.3402,0.065,0.3913,0.908,0.9969,0.3392,0.0031,0.1031,14
0.125,0.9,255671,84374,169742,1555,0.33,0.6639,0.0061,0.3361,0.065,0.3943,0.9318,0.6788,0.2281,0.0015,0.0842,14
0.15,0.45,255671,100541,94371,60759,0.3932,0.3691,0.2376,0.6309,0.0774,0.2867,0.6422,3.5127,2.2161,0.0759,0.2015,14
0.15,0.475,255671,100541,99207,55923,0.3932,0.388,0.2187,0.612,0.0774,0.2963,0.6559,3.5534,2.1746,0.0696,0.1947,14
0.15,0.5,255671,100541,103969,51161,0.3932,0.4067,0.2001,0.5933,0.0774,0.3056,0.6704,3.5782,2.1231,0.0635,0.1884,14
0.15,0.525,255671,100541,108541,46589,0.3932,0.4245,0.1822,0.5755,0.0774,0.3149,0.6847,3.5897,2.0657,0.0579,0.1828,14
0.15,0.55,255671,100541,113115,42015,0.3932,0.4424,0.1643,0.5576,0.0774,0.3242,0.6999,3.5572,1.9834,0.0522,0.177,14
0.15,0.575,255671,100541,117636,37494,0.3932,0.4601,0.1466,0.5399,0.0774,0.3342,0.7138,3.5038,1.8917,0.0463,0.1704,14
0.15,0.6,255671,100541,122201,32929,0.3932,0.478,0.1288,0.522,0.0774,0.3441,0.7294,3.4236,1.7873,0.0404,0.1638,14
0.15,0.625,255671,100541,126630,28500,0.3932,0.4953,0.1115,0.5047,0.0774,0.3543,0.7444,3.2888,1.6599,0.0349,0.158,14
0.15,0.65,255671,100541,130780,24350,0.3932,0.5115,0.0952,0.4885,0.0774,0.3642,0.7572,3.1061,1.5173,0.0298,0.1531,14
0.15,0.675,255671,100541,134464,20666,0.3932,0.5259,0.0808,0.4741,0.0774,0.373,0.7703,2.9011,1.3753,0.0253,0.1484,14
0.15,0.7,255671,100541,137792,17338,0.3932,0.5389,0.0678,0.4611,0.0774,0.3808,0.7846,2.7009,1.2453,0.0212,0.144,14
0.15,0.725,255671,100541,140890,14240,0.3932,0.5511,0.0557,0.4489,0.0774,0.3884,0.7976,2.4346,1.093,0.0176,0.1419,14
0.15,0.75,255671,100541,143628,11502,0.3932,0.5618,0.045,0.4382,0.0774,0.395,0.8127,2.1586,0.946,0.0142,0.1383,14
0.15,0.775,255671,100541,145924,9206,0.3932,0.5707,0.036,0.4293,0.0774,0.4005,0.8285,1.9119,0.8207,0.0112,0.1333,14
0.15,0.8,255671,100541,147979,7151,0.3932,0.5788,0.028,0.4212,0.0774,0.4057,0.8451,1.67,0.7034,0.0083,0.1257,14
0.15,0.825,255671,100541,149789,5341,0.3932,0.5859,0.0209,0.4141,0.0774,0.4102,0.8665,1.409,0.5835,0.006,0.118,14
0.15,0.85,255671,100541,151215,3915,0.3932,0.5914,0.0153,0.4086,0.0774,0.414,0.8874,1.1382,0.465,0.0042,0.1109,14
0.15,0.875,255671,100541,152522,2608,0.3932,0.5966,0.0102,0.4034,0.0774,0.4177,0.908,0.8407,0.3392,0.0026,0.1031,14
0.15,0.9,255671,100541,153575,1555,0.3932,0.6007,0.0061,0.3993,0.0774,0.4208,0.9318,0.5713,0.2281,0.0013,0.0842,14
0.175,0.45,255671,114595,80317,60759,0.4482,0.3141,0.2376,0.6859,0.0882,0.3078,0.6422,3.2312,2.2161,0.0698,0.2015,14
0.175,0.475,255671,114595,85153,55923,0.4482,0.3331,0.2187,0.6669,0.0882,0.3179,0.6559,3.2605,2.1746,0.0639,0.1947,14
0.175,0.5,255671,114595,89915,51161,0.4482,0.3517,0.2001,0.6483,0.0882,0.3275,0.6704,3.2748,2.1231,0.0581,0.1884,14
0.175,0.525,255671,114595,94487,46589,0.4482,0.3696,0.1822,0.6304,0.0882,0.3371,0.6847,3.2767,2.0657,0.0528,0.1828,14
0.175,0.55,255671,114595,99061,42015,0.4482,0.3875,0.1643,0.6125,0.0882,0.3466,0.6999,3.2379,1.9834,0.0475,0.177,14
0.175,0.575,255671,114595,103582,37494,0.4482,0.4051,0.1466,0.5949,0.0882,0.357,0.7138,3.18,1.8917,0.042,0.1704,14
0.175,0.6,255671,114595,108147,32929,0.4482,0.423,0.1288,0.577,0.0882,0.3673,0.7294,3.0975,1.7873,0.0366,0.1638,14
0.175,0.625,255671,114595,112576,28500,0.4482,0.4403,0.1115,0.5597,0.0882,0.3778,0.7444,2.9658,1.6599,0.0315,0.158,14
0.175,0.65,255671,114595,116726,24350,0.4482,0.4565,0.0952,0.5435,0.0882,0.3881,0.7572,2.7919,1.5173,0.0268,0.1531,14
0.175,0.675,255671,114595,120410,20666,0.4482,0.471,0.0808,0.529,0.0882,0.3972,0.7703,2.5997,1.3753,0.0227,0.1484,14
0.175,0.7,255671,114595,123738,17338,0.4482,0.484,0.0678,0.516,0.0882,0.4052,0.7846,2.4132,1.2453,0.0189,0.144,14
0.175,0.725,255671,114595,126836,14240,0.4482,0.4961,0.0557,0.5039,0.0882,0.413,0.7976,2.169,1.093,0.0157,0.1419,14
0.175,0.75,255671,114595,129574,11502,0.4482,0.5068,0.045,0.4932,0.0882,0.4198,0.8127,1.918,0.946,0.0126,0.1383,14
0.175,0.775,255671,114595,131870,9206,0.4482,0.5158,0.036,0.4842,0.0882,0.4256,0.8285,1.6948,0.8207,0.0099,0.1333,14
0.175,0.8,255671,114595,133925,7151,0.4482,0.5238,0.028,0.4762,0.0882,0.4309,0.8451,1.4773,0.7034,0.0074,0.1257,14
0.175,0.825,255671,114595,135735,5341,0.4482,0.5309,0.0209,0.4691,0.0882,0.4355,0.8665,1.2439,0.5835,0.0053,0.118,14
0.175,0.85,255671,114595,137161,3915,0.4482,0.5365,0.0153,0.4635,0.0882,0.4394,0.8874,1.0033,0.465,0.0037,0.1109,14
0.175,0.875,255671,114595,138468,2608,0.4482,0.5416,0.0102,0.4584,0.0882,0.4433,0.908,0.7399,0.3392,0.0023,0.1031,14
0.175,0.9,255671,114595,139521,1555,0.4482,0.5457,0.0061,0.4543,0.0882,0.4465,0.9318,0.5022,0.2281,0.0011,0.0842,14
0.2,0.45,255671,126731,68181,60759,0.4957,0.2667,0.2376,0.7333,0.0989,0.3271,0.6422,3.022,2.2161,0.0653,0.2015,14
0.2,0.475,255671,126731,73017,55923,0.4957,0.2856,0.2187,0.7144,0.0989,0.3375,0.6559,3.0439,2.1746,0.0596,0.1947,14
0.2,0.5,255671,126731,77779,51161,0.4957,0.3042,0.2001,0.6958,0.0989,0.3474,0.6704,3.0514,2.1231,0.0542,0.1884,14
0.2,0.525,255671,126731,82351,46589,0.4957,0.3221,0.1822,0.6779,0.0989,0.3573,0.6847,3.0472,2.0657,0.0491,0.1828,14
0.2,0.55,255671,126731,86925,42015,0.4957,0.34,0.1643,0.66,0.0989,0.3671,0.6999,3.0051,1.9834,0.0441,0.177,14
0.2,0.575,255671,126731,91446,37494,0.4957,0.3577,0.1466,0.6423,0.0989,0.3779,0.7138,2.945,1.8917,0.0389,0.1704,14
0.2,0.6,255671,126731,96011,32929,0.4957,0.3755,0.1288,0.6245,0.0989,0.3885,0.7294,2.862,1.7873,0.0338,0.1638,14
0.2,0.625,255671,126731,100440,28500,0.4957,0.3928,0.1115,0.6072,0.0989,0.3993,0.7444,2.7339,1.6599,0.029,0.158,14
0.2,0.65,255671,126731,104590,24350,0.4957,0.4091,0.0952,0.5909,0.0989,0.41,0.7572,2.5677,1.5173,0.0247,0.1531,14
0.2,0.675,255671,126731,108274,20666,0.4957,0.4235,0.0808,0.5765,0.0989,0.4193,0.7703,2.3856,1.3753,0.0208,0.1484,14
0.2,0.7,255671,126731,111602,17338,0.4957,0.4365,0.0678,0.5635,0.0989,0.4276,0.7846,2.2099,1.2453,0.0173,0.144,14
0.2,0.725,255671,126731,114700,14240,0.4957,0.4486,0.0557,0.5514,0.0989,0.4356,0.7976,1.9823,1.093,0.0143,0.1419,14
0.2,0.75,255671,126731,117438,11502,0.4957,0.4593,0.045,0.5407,0.0989,0.4425,0.8127,1.7496,0.946,0.0115,0.1383,14
0.2,0.775,255671,126731,119734,9206,0.4957,0.4683,0.036,0.5317,0.0989,0.4484,0.8285,1.5435,0.8207,0.009,0.1333,14
0.2,0.8,255671,126731,121789,7151,0.4957,0.4764,0.028,0.5236,0.0989,0.4539,0.8451,1.3433,0.7034,0.0067,0.1257,14
0.2,0.825,255671,126731,123599,5341,0.4957,0.4834,0.0209,0.5166,0.0989,0.4587,0.8665,1.1296,0.5835,0.0048,0.118,14
0.2,0.85,255671,126731,125025,3915,0.4957,0.489,0.0153,0.511,0.0989,0.4627,0.8874,0.9101,0.465,0.0033,0.1109,14
0.2,0.875,255671,126731,126332,2608,0.4957,0.4941,0.0102,0.5059,0.0989,0.4666,0.908,0.6704,0.3392,0.0021,0.1031,14
0.2,0.9,255671,126731,127385,1555,0.4957,0.4982,0.0061,0.5018,0.0989,0.47,0.9318,0.4547,0.2281,0.001,0.0842,14
0.225,0.45,255671,137375,57537,60759,0.5373,0.225,0.2376,0.775,0.1082,0.3472,0.6422,2.8597,2.2161,0.0618,0.2015,14
0.225,0.475,255671,137375,62373,55923,0.5373,0.244,0.2187,0.756,0.1082,0.3578,0.6559,2.8763,2.1746,0.0563,0.1947,14
0.225,0.5,255671,137375,67135,51161,0.5373,0.2626,0.2001,0.7374,0.1082,0.3679,0.6704,2.8791,2.1231,0.0511,0.1884,14
0.225,0.525,255671,137375,71707,46589,0.5373,0.2805,0.1822,0.7195,0.1082,0.3779,0.6847,2.8709,2.0657,0.0463,0.1828,14
0.225,0.55,255671,137375,76281,42015,0.5373,0.2984,0.1643,0.7016,0.1082,0.3879,0.6999,2.8268,1.9834,0.0415,0.177,14
0.225,0.575,255671,137375,80802,37494,0.5373,0.316,0.1466,0.684,0.1082,0.3989,0.7138,2.7657,1.8917,0.0365,0.1704,14
0.225,0.6,255671,137375,85367,32929,0.5373,0.3339,0.1288,0.6661,0.1082,0.4097,0.7294,2.6832,1.7873,0.0317,0.1638,14
0.225,0.625,255671,137375,89796,28500,0.5373,0.3512,0.1115,0.6488,0.1082,0.4207,0.7444,2.5585,1.6599,0.0271,0.158,14
0.225,0.65,255671,137375,93946,24350,0.5373,0.3674,0.0952,0.6326,0.1082,0.4317,0.7572,2.3987,1.5173,0.023,0.1531,14
0.225,0.675,255671,137375,97630,20666,0.5373,0.3819,0.0808,0.6181,0.1082,0.4412,0.7703,2.225,1.3753,0.0194,0.1484,14
0.225,0.7,255671,137375,100958,17338,0.5373,0.3949,0.0678,0.6051,0.1082,0.4496,0.7846,2.0579,1.2453,0.0161,0.144,14
0.225,0.725,255671,137375,104056,14240,0.5373,0.407,0.0557,0.593,0.1082,0.4578,0.7976,1.8431,1.093,0.0133,0.1419,14
0.225,0.75,255671,137375,106794,11502,0.5373,0.4177,0.045,0.5823,0.1082,0.4649,0.8127,1.6245,0.946,0.0107,0.1383,14
0.225,0.775,255671,137375,109090,9206,0.5373,0.4267,0.036,0.5733,0.1082,0.4709,0.8285,1.4314,0.8207,0.0084,0.1333,14
0.225,0.8,255671,137375,111145,7151,0.5373,0.4347,0.028,0.5653,0.1082,0.4764,0.8451,1.2444,0.7034,0.0062,0.1257,14
0.225,0.825,255671,137375,112955,5341,0.5373,0.4418,0.0209,0.5582,0.1082,0.4813,0.8665,1.0454,0.5835,0.0044,0.118,14
0.225,0.85,255671,137375,114381,3915,0.5373,0.4474,0.0153,0.5526,0.1082,0.4854,0.8874,0.8415,0.465,0.0031,0.1109,14
0.225,0.875,255671,137375,115688,2608,0.5373,0.4525,0.0102,0.5475,0.1082,0.4895,0.908,0.6195,0.3392,0.0019,0.1031,14
0.225,0.9,255671,137375,116741,1555,0.5373,0.4566,0.0061,0.5434,0.1082,0.4929,0.9318,0.4198,0.2281,0.0009,0.0842,14
0.25,0.45,255671,146517,48395,60759,0.5731,0.1893,0.2376,0.8107,0.1173,0.3646,0.6422,2.7335,2.2161,0.0591,0.2015,14
0.25,0.475,255671,146517,53231,55923,0.5731,0.2082,0.2187,0.7918,0.1173,0.3755,0.6559,2.7464,2.1746,0.0538,0.1947,14
0.25,0.5,255671,146517,57993,51161,0.5731,0.2268,0.2001,0.7732,0.1173,0.3857,0.6704,2.746,2.1231,0.0488,0.1884,14
0.25,0.525,255671,146517,62565,46589,0.5731,0.2447,0.1822,0.7553,0.1173,0.3959,0.6847,2.735,2.0657,0.0441,0.1828,14
0.25,0.55,255671,146517,67139,42015,0.5731,0.2626,0.1643,0.7374,0.1173,0.406,0.6999,2.6897,1.9834,0.0394,0.177,14
0.25,0.575,255671,146517,71660,37494,0.5731,0.2803,0.1466,0.7197,0.1173,0.4173,0.7138,2.6283,1.8917,0.0347,0.1704,14
0.25,0.6,255671,146517,76225,32929,0.5731,0.2981,0.1288,0.7019,0.1173,0.4283,0.7294,2.5465,1.7873,0.0301,0.1638,14
0.25,0.625,255671,146517,80654,28500,0.5731,0.3155,0.1115,0.6845,0.1173,0.4395,0.7444,2.4249,1.6599,0.0257,0.158,14
0.25,0.65,255671,146517,84804,24350,0.5731,0.3317,0.0952,0.6683,0.1173,0.4508,0.7572,2.2703,1.5173,0.0218,0.1531,14
0.25,0.675,255671,146517,88488,20666,0.5731,0.3461,0.0808,0.6539,0.1173,0.4605,0.7703,2.1033,1.3753,0.0183,0.1484,14
0.25,0.7,255671,146517,91816,17338,0.5731,0.3591,0.0678,0.6409,0.1173,0.469,0.7846,1.9431,1.2453,0.0152,0.144,14
0.25,0.725,255671,146517,94914,14240,0.5731,0.3712,0.0557,0.6288,0.1173,0.4774,0.7976,1.7383,1.093,0.0126,0.1419,14
0.25,0.75,255671,146517,97652,11502,0.5731,0.3819,0.045,0.6181,0.1173,0.4846,0.8127,1.5306,0.946,0.0101,0.1383,14
0.25,0.775,255671,146517,99948,9206,0.5731,0.3909,0.036,0.6091,0.1173,0.4907,0.8285,1.3474,0.8207,0.0079,0.1333,14
0.25,0.8,255671,146517,102003,7151,0.5731,0.399,0.028,0.601,0.1173,0.4963,0.8451,1.1704,0.7034,0.0059,0.1257,14
0.25,0.825,255671,146517,103813,5341,0.5731,0.406,0.0209,0.594,0.1173,0.5013,0.8665,0.9824,0.5835,0.0041,0.118,14
0.25,0.85,255671,146517,105239,3915,0.5731,0.4116,0.0153,0.5884,0.1173,0.5054,0.8874,0.7904,0.465,0.0029,0.1109,14
0.25,0.875,255671,146517,106546,2608,0.5731,0.4167,0.0102,0.5833,0.1173,0.5096,0.908,0.5815,0.3392,0.0018,0.1031,14
0.25,0.9,255671,146517,107599,1555,0.5731,0.4208,0.0061,0.5792,0.1173,0.5132,0.9318,0.3939,0.2281,0.0009,0.0842,14
0.275,0.45,255671,154442,40470,60759,0.6041,0.1583,0.2376,0.8417,0.1256,0.3815,0.6422,2.6329,2.2161,0.0569,0.2015,14
0.275,0.475,255671,154442,45306,55923,0.6041,0.1772,0.2187,0.8228,0.1256,0.3925,0.6559,2.6429,2.1746,0.0518,0.1947,14
0.275,0.5,255671,154442,50068,51161,0.6041,0.1958,0.2001,0.8042,0.1256,0.4028,0.6704,2.6401,2.1231,0.0469,0.1884,14
0.275,0.525,255671,154442,54640,46589,0.6041,0.2137,0.1822,0.7863,0.1256,0.413,0.6847,2.6272,2.0657,0.0424,0.1828,14
0.275,0.55,255671,154442,59214,42015,0.6041,0.2316,0.1643,0.7684,0.1256,0.4231,0.6999,2.5812,1.9834,0.0379,0.177,14
0.275,0.575,255671,154442,63735,37494,0.6041,0.2493,0.1466,0.7507,0.1256,0.4346,0.7138,2.5198,1.8917,0.0333,0.1704,14
0.275,0.6,255671,154442,68300,32929,0.6041,0.2671,0.1288,0.7329,0.1256,0.4457,0.7294,2.4388,1.7873,0.0288,0.1638,14
0.275,0.625,255671,154442,72729,28500,0.6041,0.2845,0.1115,0.7155,0.1256,0.4571,0.7444,2.3198,1.6599,0.0246,0.158,14
0.275,0.65,255671,154442,76879,24350,0.6041,0.3007,0.0952,0.6993,0.1256,0.4686,0.7572,2.1697,1.5173,0.0208,0.1531,14
0.275,0.675,255671,154442,80563,20666,0.6041,0.3151,0.0808,0.6849,0.1256,0.4784,0.7703,2.0081,1.3753,0.0175,0.1484,14
0.275,0.7,255671,154442,83891,17338,0.6041,0.3281,0.0678,0.6719,0.1256,0.487,0.7846,1.8534,1.2453,0.0145,0.144,14
0.275,0.725,255671,154442,86989,14240,0.6041,0.3402,0.0557,0.6598,0.1256,0.4955,0.7976,1.6566,1.093,0.012,0.1419,14
0.275,0.75,255671,154442,89727,11502,0.6041,0.3509,0.045,0.6491,0.1256,0.5028,0.8127,1.4575,0.946,0.0096,0.1383,14
0.275,0.775,255671,154442,92023,9206,0.6041,0.3599,0.036,0.6401,0.1256,0.5089,0.8285,1.2821,0.8207,0.0075,0.1333,14
0.275,0.8,255671,154442,94078,7151,0.6041,0.368,0.028,0.632,0.1256,0.5147,0.8451,1.113,0.7034,0.0056,0.1257,14
0.275,0.825,255671,154442,95888,5341,0.6041,0.375,0.0209,0.625,0.1256,0.5197,0.8665,0.9337,0.5835,0.0039,0.118,14
0.275,0.85,255671,154442,97314,3915,0.6041,0.3806,0.0153,0.6194,0.1256,0.524,0.8874,0.7508,0.465,0.0027,0.1109,14
0.275,0.875,255671,154442,98621,2608,0.6041,0.3857,0.0102,0.6143,0.1256,0.5282,0.908,0.5521,0.3392,0.0017,0.1031,14
0.275,0.9,255671,154442,99674,1555,0.6041,0.3899,0.0061,0.6101,0.1256,0.5319,0.9318,0.3739,0.2281,0.0008,0.0842,14
0.3,0.45,255671,161608,33304,60759,0.6321,0.1303,0.2376,0.8697,0.1336,0.3978,0.6422,2.548,2.2161,0.055,0.2015,14
0.3,0.475,255671,161608,38140,55923,0.6321,0.1492,0.2187,0.8508,0.1336,0.4088,0.6559,2.5559,2.1746,0.0501,0.1947,14
0.3,0.5,255671,161608,42902,51161,0.6321,0.1678,0.2001,0.8322,0.1336,0.4189,0.6704,2.5512,2.1231,0.0453,0.1884,14
0.3,0.525,255671,161608,47474,46589,0.6321,0.1857,0.1822,0.8143,0.1336,0.4291,0.6847,2.5368,2.0657,0.0409,0.1828,14
0.3,0.55,255671,161608,52048,42015,0.6321,0.2036,0.1643,0.7964,0.1336,0.4393,0.6999,2.4904,1.9834,0.0365,0.177,14
0.3,0.575,255671,161608,56569,37494,0.6321,0.2213,0.1466,0.7787,0.1336,0.4509,0.7138,2.4291,1.8917,0.0321,0.1704,14
0.3,0.6,255671,161608,61134,32929,0.6321,0.2391,0.1288,0.7609,0.1336,0.4621,0.7294,2.3489,1.7873,0.0277,0.1638,14
0.3,0.625,255671,161608,65563,28500,0.6321,0.2564,0.1115,0.7436,0.1336,0.4737,0.7444,2.2324,1.6599,0.0237,0.158,14
0.3,0.65,255671,161608,69713,24350,0.6321,0.2727,0.0952,0.7273,0.1336,0.4853,0.7572,2.0861,1.5173,0.02,0.1531,14
0.3,0.675,255671,161608,73397,20666,0.6321,0.2871,0.0808,0.7129,0.1336,0.4953,0.7703,1.9292,1.3753,0.0168,0.1484,14
0.3,0.7,255671,161608,76725,17338,0.6321,0.3001,0.0678,0.6999,0.1336,0.504,0.7846,1.7792,1.2453,0.014,0.144,14
0.3,0.725,255671,161608,79823,14240,0.6321,0.3122,0.0557,0.6878,0.1336,0.5125,0.7976,1.5891,1.093,0.0115,0.1419,14
0.3,0.75,255671,161608,82561,11502,0.6321,0.3229,0.045,0.6771,0.1336,0.5199,0.8127,1.3971,0.946,0.0092,0.1383,14
0.3,0.775,255671,161608,84857,9206,0.6321,0.3319,0.036,0.6681,0.1336,0.5261,0.8285,1.2284,0.8207,0.0072,0.1333,14
0.3,0.8,255671,161608,86912,7151,0.6321,0.3399,0.028,0.6601,0.1336,0.5319,0.8451,1.0657,0.7034,0.0053,0.1257,14
0.3,0.825,255671,161608,88722,5341,0.6321,0.347,0.0209,0.653,0.1336,0.537,0.8665,0.8936,0.5835,0.0038,0.118,14
0.3,0.85,255671,161608,90148,3915,0.6321,0.3526,0.0153,0.6474,0.1336,0.5413,0.8874,0.7183,0.465,0.0026,0.1109,14
0.3,0.875,255671,161608,91455,2608,0.6321,0.3577,0.0102,0.6423,0.1336,0.5456,0.908,0.528,0.3392,0.0016,0.1031,14
0.3,0.9,255671,161608,92508,1555,0.6321,0.3618,0.0061,0.6382,0.1336,0.5494,0.9318,0.3575,0.2281,0.0008,0.0842,14
0.325,0.45,255671,167765,27147,60759,0.6562,0.1062,0.2376,0.8938,0.1407,0.4139,0.6422,2.4794,2.2161,0.0536,0.2015,14
0.325,0.475,255671,167765,31983,55923,0.6562,0.1251,0.2187,0.8749,0.1407,0.4245,0.6559,2.4855,2.1746,0.0487,0.1947,14
0.325,0.5,255671,167765,36745,51161,0.6562,0.1437,0.2001,0.8563,0.1407,0.4343,0.6704,2.4795,2.1231,0.044,0.1884,14
0.325,0.525,255671,167765,41317,46589,0.6562,0.1616,0.1822,0.8384,0.1407,0.4443,0.6847,2.4639,2.0657,0.0397,0.1828,14
0.325,0.55,255671,167765,45891,42015,0.6562,0.1795,0.1643,0.8205,0.1407,0.4543,0.6999,2.4173,1.9834,0.0354,0.177,14
0.325,0.575,255671,167765,50412,37494,0.6562,0.1972,0.1466,0.8028,0.1407,0.466,0.7138,2.3562,1.8917,0.0311,0.1704,14
0.325,0.6,255671,167765,54977,32929,0.6562,0.215,0.1288,0.785,0.1407,0.4772,0.7294,2.2769,1.7873,0.0269,0.1638,14
0.325,0.625,255671,167765,59406,28500,0.6562,0.2324,0.1115,0.7676,0.1407,0.4889,0.7444,2.1623,1.6599,0.0229,0.158,14
0.325,0.65,255671,167765,63556,24350,0.6562,0.2486,0.0952,0.7514,0.1407,0.5006,0.7572,2.0192,1.5173,0.0194,0.1531,14
0.325,0.675,255671,167765,67240,20666,0.6562,0.263,0.0808,0.737,0.1407,0.5107,0.7703,1.8661,1.3753,0.0163,0.1484,14
0.325,0.7,255671,167765,70568,17338,0.6562,0.276,0.0678,0.724,0.1407,0.5194,0.7846,1.72,1.2453,0.0135,0.144,14
0.325,0.725,255671,167765,73666,14240,0.6562,0.2881,0.0557,0.7119,0.1407,0.528,0.7976,1.5354,1.093,0.0111,0.1419,14
0.325,0.75,255671,167765,76404,11502,0.6562,0.2988,0.045,0.7012,0.1407,0.5354,0.8127,1.3491,0.946,0.0089,0.1383,14
0.325,0.775,255671,167765,78700,9206,0.6562,0.3078,0.036,0.6922,0.1407,0.5417,0.8285,1.1856,0.8207,0.0069,0.1333,14
0.325,0.8,255671,167765,80755,7151,0.6562,0.3159,0.028,0.6841,0.1407,0.5475,0.8451,1.0282,0.7034,0.0051,0.1257,14
0.325,0.825,255671,167765,82565,5341,0.6562,0.3229,0.0209,0.6771,0.1407,0.5526,0.8665,0.8618,0.5835,0.0036,0.118,14
0.325,0.85,255671,167765,83991,3915,0.6562,0.3285,0.0153,0.6715,0.1407,0.557,0.8874,0.6925,0.465,0.0025,0.1109,14
0.325,0.875,255671,167765,85298,2608,0.6562,0.3336,0.0102,0.6664,0.1407,0.5614,0.908,0.509,0.3392,0.0016,0.1031,14
0.325,0.9,255671,167765,86351,1555,0.6562,0.3377,0.0061,0.6623,0.1407,0.5652,0.9318,0.3445,0.2281,0.0008,0.0842,14
0.35,0.45,255671,173753,21159,60759,0.6796,0.0828,0.2376,0.9172,0.1485,0.4269,0.6422,2.4161,2.2161,0.0522,0.2015,14
0.35,0.475,255671,173753,25995,55923,0.6796,0.1017,0.2187,0.8983,0.1485,0.4376,0.6559,2.4207,2.1746,0.0474,0.1947,14
0.35,0.5,255671,173753,30757,51161,0.6796,0.1203,0.2001,0.8797,0.1485,0.4473,0.6704,2.4135,2.1231,0.0428,0.1884,14
0.35,0.525,255671,173753,35329,46589,0.6796,0.1382,0.1822,0.8618,0.1485,0.4573,0.6847,2.3969,2.0657,0.0386,0.1828,14
0.35,0.55,255671,173753,39903,42015,0.6796,0.1561,0.1643,0.8439,0.1485,0.4673,0.6999,2.3502,1.9834,0.0345,0.177,14
0.35,0.575,255671,173753,44424,37494,0.6796,0.1738,0.1466,0.8262,0.1485,0.4792,0.7138,2.2895,1.8917,0.0302,0.1704,14
0.35,0.6,255671,173753,48989,32929,0.6796,0.1916,0.1288,0.8084,0.1485,0.4906,0.7294,2.2109,1.7873,0.0261,0.1638,14
0.35,0.625,255671,173753,53418,28500,0.6796,0.2089,0.1115,0.7911,0.1485,0.5024,0.7444,2.0983,1.6599,0.0223,0.158,14
0.35,0.65,255671,173753,57568,24350,0.6796,0.2252,0.0952,0.7748,0.1485,0.5144,0.7572,1.9582,1.5173,0.0188,0.1531,14
0.35,0.675,255671,173753,61252,20666,0.6796,0.2396,0.0808,0.7604,0.1485,0.5246,0.7703,1.8087,1.3753,0.0158,0.1484,14
0.35,0.7,255671,173753,64580,17338,0.6796,0.2526,0.0678,0.7474,0.1485,0.5334,0.7846,1.6661,1.2453,0.0131,0.144,14
0.35,0.725,255671,173753,67678,14240,0.6796,0.2647,0.0557,0.7353,0.1485,0.5422,0.7976,1.4865,1.093,0.0108,0.1419,14
0.35,0.75,255671,173753,70416,11502,0.6796,0.2754,0.045,0.7246,0.1485,0.5497,0.8127,1.3055,0.946,0.0086,0.1383,14
0.35,0.775,255671,173753,72712,9206,0.6796,0.2844,0.036,0.7156,0.1485,0.556,0.8285,1.1468,0.8207,0.0067,0.1333,14
0.35,0.8,255671,173753,74767,7151,0.6796,0.2924,0.028,0.7076,0.1485,0.5619,0.8451,0.9942,0.7034,0.005,0.1257,14
0.35,0.825,255671,173753,76577,5341,0.6796,0.2995,0.0209,0.7005,0.1485,0.5671,0.8665,0.833,0.5835,0.0035,0.118,14
0.35,0.85,255671,173753,78003,3915,0.6796,0.3051,0.0153,0.6949,0.1485,0.5715,0.8874,0.6692,0.465,0.0024,0.1109,14
0.35,0.875,255671,173753,79310,2608,0.6796,0.3102,0.0102,0.6898,0.1485,0.576,0.908,0.4917,0.3392,0.0015,0.1031,14
0.35,0.9,255671,173753,80363,1555,0.6796,0.3143,0.0061,0.6857,0.1485,0.5799,0.9318,0.3327,0.2281,0.0007,0.0842,14
0.05,0.45,255642,10913,142070,102659,0.0427,0.5557,0.4016,0.4443,0.0319,0.2375,0.7095,5.125,2.2768,0.241,0.2666,30
0.05,0.475,255642,10913,147716,97013,0.0427,0.5778,0.3795,0.4222,0.0319,0.2466,0.7231,5.4423,2.2976,0.2337,0.26,30
0.05,0.5,255642,10913,153263,91466,0.0427,0.5995,0.3578,0.4005,0.0319,0.2558,0.7366,5.7629,2.3079,0.2271,0.2542,30
0.05,0.525,255642,10913,158672,86057,0.0427,0.6207,0.3366,0.3793,0.0319,0.2649,0.7499,6.0809,2.3066,0.2204,0.2483,30
0.05,0.55,255642,10913,164138,80591,0.0427,0.6421,0.3152,0.3579,0.0319,0.2747,0.763,6.4415,2.3057,0.2127,0.2415,30
0.05,0.575,255642,10913,169432,75297,0.0427,0.6628,0.2945,0.3372,0.0319,0.2845,0.7753,6.792,2.2905,0.2052,0.2349,30
0.05,0.6,255642,10913,174639,70090,0.0427,0.6831,0.2742,0.3169,0.0319,0.2945,0.7869,7.1877,2.2775,0.198,0.2288,30
0.05,0.625,255642,10913,179843,64886,0.0427,0.7035,0.2538,0.2965,0.0319,0.3044,0.7989,7.6156,2.2581,0.1904,0.2225,30
0.05,0.65,255642,10913,184873,59856,0.0427,0.7232,0.2341,0.2768,0.0319,0.314,0.8106,8.0738,2.235,0.1821,0.2153,30
0.05,0.675,255642,10913,190057,54672,0.0427,0.7434,0.2139,0.2566,0.0319,0.3241,0.8227,8.5684,2.1982,0.1732,0.2078,30
0.05,0.7,255642,10913,195218,49511,0.0427,0.7636,0.1937,0.2364,0.0319,0.3341,0.835,9.0893,2.1484,0.1639,0.2,30
0.05,0.725,255642,10913,200569,44160,0.0427,0.7846,0.1727,0.2154,0.0319,0.345,0.8463,9.6933,2.0882,0.1541,0.1922,30
0.05,0.75,255642,10913,205923,38806,0.0427,0.8055,0.1518,0.1945,0.0319,0.3561,0.8568,10.248,1.9931,0.144,0.1845,30
0.05,0.775,255642,10913,211250,33479,0.0427,0.8264,0.131,0.1736,0.0319,0.3664,0.8711,10.8907,1.8912,0.1321,0.1751,30
0.05,0.8,255642,10913,216694,28035,0.0427,0.8476,0.1097,0.1524,0.0319,0.3774,0.8844,11.5557,1.7605,0.1194,0.1658,30
0.05,0.825,255642,10913,221697,23032,0.0427,0.8672,0.0901,0.1328,0.0319,0.3875,0.8977,11.9534,1.5872,0.1061,0.1563,30
0.05,0.85,255642,10913,226385,18344,0.0427,0.8856,0.0718,0.1144,0.0319,0.3969,0.9113,12.4147,1.4208,0.0926,0.1477,30
0.05,0.875,255642,10913,230872,13857,0.0427,0.9031,0.0542,0.0969,0.0319,0.4064,0.9207,12.5224,1.2133,0.0767,0.1371,30
0.05,0.9,255642,10913,234903,9826,0.0427,0.9189,0.0384,0.0811,0.0319,0.4146,0.9338,12.2934,0.9973,0.0593,0.1252,30
0.075,0.45,255642,19511,133472,102659,0.0763,0.5221,0.4016,0.4779,0.0445,0.2489,0.7095,4.7643,2.2768,0.224,0.2666,30
0.075,0.475,255642,19511,139118,97013,0.0763,0.5442,0.3795,0.4558,0.0445,0.2581,0.7231,5.0407,2.2976,0.2165,0.26,30
0.075,0.5,255642,19511,144665,91466,0.0763,0.5659,0.3578,0.4341,0.0445,0.2674,0.7366,5.3164,2.3079,0.2095,0.2542,30
0.075,0.525,255642,19511,150074,86057,0.0763,0.587,0.3366,0.413,0.0445,0.2767,0.7499,5.5857,2.3066,0.2024,0.2483,30
0.075,0.55,255642,19511,155540,80591,0.0763,0.6084,0.3152,0.3916,0.0445,0.2865,0.763,5.8882,2.3057,0.1944,0.2415,30
0.075,0.575,255642,19511,160834,75297,0.0763,0.6291,0.2945,0.3709,0.0445,0.2964,0.7753,6.176,2.2905,0.1866,0.2349,30
0.075,0.6,255642,19511,166041,70090,0.0763,0.6495,0.2742,0.3505,0.0445,0.3066,0.7869,6.498,2.2775,0.179,0.2288,30
0.075,0.625,255642,19511,171245,64886,0.0763,0.6699,0.2538,0.3301,0.0445,0.3166,0.7989,6.8397,2.2581,0.171,0.2225,30
0.075,0.65,255642,19511,176275,59856,0.0763,0.6895,0.2341,0.3105,0.0445,0.3264,0.8106,7.1991,2.235,0.1624,0.2153,30
0.075,0.675,255642,19511,181459,54672,0.0763,0.7098,0.2139,0.2902,0.0445,0.3366,0.8227,7.5753,2.1982,0.1531,0.2078,30
0.075,0.7,255642,19511,186620,49511,0.0763,0.73,0.1937,0.27,0.0445,0.3468,0.835,7.9571,2.1484,0.1434,0.2,30
0.075,0.725,255642,19511,191971,44160,0.0763,0.7509,0.1727,0.2491,0.0445,0.3578,0.8463,8.3844,2.0882,0.1333,0.1922,30
0.075,0.75,255642,19511,197325,38806,0.0763,0.7719,0.1518,0.2281,0.0445,0.369,0.8568,8.7371,1.9931,0.1228,0.1845,30
0.075,0.775,255642,19511,202652,33479,0.0763,0.7927,0.131,0.2073,0.0445,0.3794,0.8711,9.1236,1.8912,0.1106,0.1751,30
0.075,0.8,255642,19511,208096,28035,0.0763,0.814,0.1097,0.186,0.0445,0.3905,0.8844,9.466,1.7605,0.0978,0.1658,30
0.075,0.825,255642,19511,213099,23032,0.0763,0.8336,0.0901,0.1664,0.0445,0.4007,0.8977,9.5376,1.5872,0.0846,0.1563,30
0.075,0.85,255642,19511,217787,18344,0.0763,0.8519,0.0718,0.1481,0.0445,0.4102,0.9113,9.595,1.4208,0.0716,0.1477,30
0.075,0.875,255642,19511,222274,13857,0.0763,0.8695,0.0542,0.1305,0.0445,0.4197,0.9207,9.2957,1.2133,0.0569,0.1371,30
0.075,0.9,255642,19511,226305,9826,0.0763,0.8852,0.0384,0.1148,0.0445,0.4281,0.9338,8.6905,0.9973,0.0419,0.1252,30
0.1,0.45,255642,29233,123750,102659,0.1144,0.4841,0.4016,0.5159,0.0577,0.2618,0.7095,4.4131,2.2768,0.2075,0.2666,30
0.1,0.475,255642,29233,129396,97013,0.1144,0.5062,0.3795,0.4938,0.0577,0.2712,0.7231,4.6526,2.2976,0.1998,0.26,30
0.1,0.5,255642,29233,134943,91466,0.1144,0.5279,0.3578,0.4721,0.0577,0.2806,0.7366,4.8882,2.3079,0.1926,0.2542,30
0.1,0.525,255642,29233,140352,86057,0.1144,0.549,0.3366,0.451,0.0577,0.29,0.7499,5.1147,2.3066,0.1853,0.2483,30
0.1,0.55,255642,29233,145818,80591,0.1144,0.5704,0.3152,0.4296,0.0577,0.3,0.763,5.367,2.3057,0.1772,0.2415,30
0.1,0.575,255642,29233,151112,75297,0.1144,0.5911,0.2945,0.4089,0.0577,0.3101,0.7753,5.6016,2.2905,0.1692,0.2349,30
0.1,0.6,255642,29233,156319,70090,0.1144,0.6115,0.2742,0.3885,0.0577,0.3204,0.7869,5.8619,2.2775,0.1615,0.2288,30
0.1,0.625,255642,29233,161523,64886,0.1144,0.6318,0.2538,0.3682,0.0577,0.3306,0.7989,6.1332,2.2581,0.1534,0.2225,30
0.1,0.65,255642,29233,166553,59856,0.1144,0.6515,0.2341,0.3485,0.0577,0.3405,0.8106,6.4135,2.235,0.1447,0.2153,30
0.1,0.675,255642,29233,171737,54672,0.1144,0.6718,0.2139,0.3282,0.0577,0.3509,0.8227,6.6975,2.1982,0.1354,0.2078,30
0.1,0.7,255642,29233,176898,49511,0.1144,0.692,0.1937,0.308,0.0577,0.3612,0.835,6.9746,2.1484,0.1257,0.2,30
0.1,0.725,255642,29233,182249,44160,0.1144,0.7129,0.1727,0.2871,0.0577,0.3724,0.8463,7.2737,2.0882,0.1157,0.1922,30
0.1,0.75,255642,29233,187603,38806,0.1144,0.7339,0.1518,0.2661,0.0577,0.3837,0.8568,7.4887,1.9931,0.1052,0.1845,30
0.1,0.775,255642,29233,192930,33479,0.1144,0.7547,0.131,0.2453,0.0577,0.3943,0.8711,7.7092,1.8912,0.0935,0.1751,30
0.1,0.8,255642,29233,198374,28035,0.1144,0.776,0.1097,0.224,0.0577,0.4055,0.8844,7.859,1.7605,0.0812,0.1658,30
0.1,0.825,255642,29233,203377,23032,0.1144,0.7956,0.0901,0.2044,0.0577,0.4158,0.8977,7.7635,1.5872,0.0689,0.1563,30
0.1,0.85,255642,29233,208065,18344,0.1144,0.8139,0.0718,0.1861,0.0577,0.4254,0.9113,7.6343,1.4208,0.057,0.1477,30
0.1,0.875,255642,29233,212552,13857,0.1144,0.8314,0.0542,0.1686,0.0577,0.4351,0.9207,7.1984,1.2133,0.0441,0.1371,30
0.1,0.9,255642,29233,216583,9826,0.1144,0.8472,0.0384,0.1528,0.0577,0.4435,0.9338,6.5274,0.9973,0.0315,0.1252,30
0.125,0.45,255642,39747,113236,102659,0.1555,0.4429,0.4016,0.5571,0.0706,0.2762,0.7095,4.0873,2.2768,0.1922,0.2666,30
0.125,0.475,255642,39747,118882,97013,0.1555,0.465,0.3795,0.535,0.0706,0.2857,0.7231,4.2949,2.2976,0.1844,0.26,30
0.125,0.5,255642,39747,124429,91466,0.1555,0.4867,0.3578,0.5133,0.0706,0.2953,0.7366,4.4965,2.3079,0.1772,0.2542,30
0.125,0.525,255642,39747,129838,86057,0.1555,0.5079,0.3366,0.4921,0.0706,0.3049,0.7499,4.6872,2.3066,0.1699,0.2483,30
0.125,0.55,255642,39747,135304,80591,0.1555,0.5293,0.3152,0.4707,0.0706,0.315,0.763,4.8981,2.3057,0.1617,0.2415,30
0.125,0.575,255642,39747,140598,75297,0.1555,0.55,0.2945,0.45,0.0706,0.3253,0.7753,5.0897,2.2905,0.1538,0.2349,30
0.125,0.6,255642,39747,145805,70090,0.1555,0.5703,0.2742,0.4297,0.0706,0.3358,0.7869,5.3008,2.2775,0.146,0.2288,30
0.125,0.625,255642,39747,151009,64886,0.1555,0.5907,0.2538,0.4093,0.0706,0.3462,0.7989,5.5169,2.2581,0.138,0.2225,30
0.125,0.65,255642,39747,156039,59856,0.1555,0.6104,0.2341,0.3896,0.0706,0.3563,0.8106,5.7365,2.235,0.1294,0.2153,30
0.125,0.675,255642,39747,161223,54672,0.1555,0.6307,0.2139,0.3693,0.0706,0.3668,0.8227,5.9517,2.1982,0.1203,0.2078,30
0.125,0.7,255642,39747,166384,49511,0.1555,0.6508,0.1937,0.3492,0.0706,0.3773,0.835,6.1531,2.1484,0.1109,0.2,30
0.125,0.725,255642,39747,171735,44160,0.1555,0.6718,0.1727,0.3282,0.0706,0.3886,0.8463,6.3623,2.0882,0.1012,0.1922,30
0.125,0.75,255642,39747,177089,38806,0.1555,0.6927,0.1518,0.3073,0.0706,0.4002,0.8568,6.4863,1.9931,0.0911,0.1845,30
0.125,0.775,255642,39747,182416,33479,0.1555,0.7136,0.131,0.2864,0.0706,0.4109,0.8711,6.6023,1.8912,0.0801,0.1751,30
0.125,0.8,255642,39747,187860,28035,0.1555,0.7349,0.1097,0.2651,0.0706,0.4223,0.8844,6.64,1.7605,0.0686,0.1658,30
0.125,0.825,255642,39747,192863,23032,0.1555,0.7544,0.0901,0.2456,0.0706,0.4327,0.8977,6.4633,1.5872,0.0574,0.1563,30
0.125,0.85,255642,39747,197551,18344,0.1555,0.7728,0.0718,0.2272,0.0706,0.4424,0.9113,6.2526,1.4208,0.0467,0.1477,30
0.125,0.875,255642,39747,202038,13857,0.1555,0.7903,0.0542,0.2097,0.0706,0.4522,0.9207,5.7865,1.2133,0.0354,0.1371,30
0.125,0.9,255642,39747,206069,9826,0.1555,0.8061,0.0384,0.1939,0.0706,0.4607,0.9338,5.143,0.9973,0.0248,0.1252,30
0.15,0.45,255642,50339,102644,102659,0.1969,0.4015,0.4016,0.5985,0.0832,0.2913,0.7095,3.8043,2.2768,0.1789,0.2666,30
0.15,0.475,255642,50339,108290,97013,0.1969,0.4236,0.3795,0.5764,0.0832,0.3009,0.7231,3.9862,2.2976,0.1712,0.26,30
0.15,0.5,255642,50339,113837,91466,0.1969,0.4453,0.3578,0.5547,0.0832,0.3106,0.7366,4.1607,2.3079,0.164,0.2542,30
0.15,0.525,255642,50339,119246,86057,0.1969,0.4665,0.3366,0.5335,0.0832,0.3204,0.7499,4.3232,2.3066,0.1567,0.2483,30
0.15,0.55,255642,50339,124712,80591,0.1969,0.4878,0.3152,0.5122,0.0832,0.3307,0.763,4.5018,2.3057,0.1487,0.2415,30
0.15,0.575,255642,50339,130006,75297,0.1969,0.5085,0.2945,0.4915,0.0832,0.3412,0.7753,4.6606,2.2905,0.1408,0.2349,30
0.15,0.6,255642,50339,135213,70090,0.1969,0.5289,0.2742,0.4711,0.0832,0.3519,0.7869,4.8346,2.2775,0.1332,0.2288,30
0.15,0.625,255642,50339,140417,64886,0.1969,0.5493,0.2538,0.4507,0.0832,0.3625,0.7989,5.0098,2.2581,0.1253,0.2225,30
0.15,0.65,255642,50339,145447,59856,0.1969,0.5689,0.2341,0.4311,0.0832,0.3728,0.8106,5.1851,2.235,0.117,0.2153,30
0.15,0.675,255642,50339,150631,54672,0.1969,0.5892,0.2139,0.4108,0.0832,0.3834,0.8227,5.3514,2.1982,0.1082,0.2078,30
0.15,0.7,255642,50339,155792,49511,0.1969,0.6094,0.1937,0.3906,0.0832,0.3941,0.835,5.5004,2.1484,0.0992,0.2,30
0.15,0.725,255642,50339,161143,44160,0.1969,0.6303,0.1727,0.3697,0.0832,0.4056,0.8463,5.6492,2.0882,0.0898,0.1922,30
0.15,0.75,255642,50339,166497,38806,0.1969,0.6513,0.1518,0.3487,0.0832,0.4174,0.8568,5.7156,1.9931,0.0803,0.1845,30
0.15,0.775,255642,50339,171824,33479,0.1969,0.6721,0.131,0.3279,0.0832,0.4282,0.8711,5.768,1.8912,0.0699,0.1751,30
0.15,0.8,255642,50339,177268,28035,0.1969,0.6934,0.1097,0.3066,0.0832,0.4397,0.8844,5.7426,1.7605,0.0593,0.1658,30
0.15,0.825,255642,50339,182271,23032,0.1969,0.713,0.0901,0.287,0.0832,0.4502,0.8977,5.5302,1.5872,0.0491,0.1563,30
0.15,0.85,255642,50339,186959,18344,0.1969,0.7313,0.0718,0.2687,0.0832,0.4601,0.9113,5.2883,1.4208,0.0395,0.1477,30
0.15,0.875,255642,50339,191446,13857,0.1969,0.7489,0.0542,0.2511,0.0832,0.47,0.9207,4.8317,1.2133,0.0296,0.1371,30
0.15,0.9,255642,50339,195477,9826,0.1969,0.7647,0.0384,0.2353,0.0832,0.4786,0.9338,4.2376,0.9973,0.0204,0.1252,30
0.175,0.45,255642,61207,91776,102659,0.2394,0.359,0.4016,0.641,0.0951,0.3079,0.7095,3.552,2.2768,0.167,0.2666,30
0.175,0.475,255642,61207,97422,97013,0.2394,0.3811,0.3795,0.6189,0.0951,0.3177,0.7231,3.7124,2.2976,0.1594,0.26,30
0.175,0.5,255642,61207,102969,91466,0.2394,0.4028,0.3578,0.5972,0.0951,0.3275,0.7366,3.8645,2.3079,0.1523,0.2542,30
0.175,0.525,255642,61207,108378,86057,0.2394,0.4239,0.3366,0.5761,0.0951,0.3374,0.7499,4.0042,2.3066,0.1451,0.2483,30
0.175,0.55,255642,61207,113844,80591,0.2394,0.4453,0.3152,0.5547,0.0951,0.3479,0.763,4.1568,2.3057,0.1373,0.2415,30
0.175,0.575,255642,61207,119138,75297,0.2394,0.466,0.2945,0.534,0.0951,0.3586,0.7753,4.2895,2.2905,0.1296,0.2349,30
0.175,0.6,255642,61207,124345,70090,0.2394,0.4864,0.2742,0.5136,0.0951,0.3695,0.7869,4.4344,2.2775,0.1221,0.2288,30
0.175,0.625,255642,61207,129549,64886,0.2394,0.5068,0.2538,0.4932,0.0951,0.3803,0.7989,4.578,2.2581,0.1145,0.2225,30
0.175,0.65,255642,61207,134579,59856,0.2394,0.5264,0.2341,0.4736,0.0951,0.3907,0.8106,4.7196,2.235,0.1065,0.2153,30
0.175,0.675,255642,61207,139763,54672,0.2394,0.5467,0.2139,0.4533,0.0951,0.4015,0.8227,4.8495,2.1982,0.098,0.2078,30
0.175,0.7,255642,61207,144924,49511,0.2394,0.5669,0.1937,0.4331,0.0951,0.4123,0.835,4.9605,2.1484,0.0894,0.2,30
0.175,0.725,255642,61207,150275,44160,0.2394,0.5878,0.1727,0.4122,0.0951,0.4241,0.8463,5.0665,2.0882,0.0806,0.1922,30
0.175,0.75,255642,61207,155629,38806,0.2394,0.6088,0.1518,0.3912,0.0951,0.436,0.8568,5.0946,1.9931,0.0716,0.1845,30
0.175,0.775,255642,61207,160956,33479,0.2394,0.6296,0.131,0.3704,0.0951,0.4469,0.8711,5.1059,1.8912,0.0619,0.1751,30
0.175,0.8,255642,61207,166400,28035,0.2394,0.6509,0.1097,0.3491,0.0951,0.4586,0.8844,5.0433,1.7605,0.0521,0.1658,30
0.175,0.825,255642,61207,171403,23032,0.2394,0.6705,0.0901,0.3295,0.0951,0.4692,0.8977,4.8168,1.5872,0.0427,0.1563,30
0.175,0.85,255642,61207,176091,18344,0.2394,0.6888,0.0718,0.3112,0.0951,0.4792,0.9113,4.5658,1.4208,0.0341,0.1477,30
0.175,0.875,255642,61207,180578,13857,0.2394,0.7064,0.0542,0.2936,0.0951,0.4892,0.9207,4.1322,1.2133,0.0253,0.1371,30
0.175,0.9,255642,61207,184609,9826,0.2394,0.7221,0.0384,0.2779,0.0951,0.4979,0.9338,3.5892,0.9973,0.0173,0.1252,30
0.2,0.45,255642,71605,81378,102659,0.2801,0.3183,0.4016,0.6817,0.1074,0.3244,0.7095,3.3401,2.2768,0.1571,0.2666,30
0.2,0.475,255642,71605,87024,97013,0.2801,0.3404,0.3795,0.6596,0.1074,0.3342,0.7231,3.4834,2.2976,0.1496,0.26,30
0.2,0.5,255642,71605,92571,91466,0.2801,0.3621,0.3578,0.6379,0.1074,0.3442,0.7366,3.6181,2.3079,0.1426,0.2542,30
0.2,0.525,255642,71605,97980,86057,0.2801,0.3833,0.3366,0.6167,0.1074,0.3542,0.7499,3.7401,2.3066,0.1355,0.2483,30
0.2,0.55,255642,71605,103446,80591,0.2801,0.4047,0.3152,0.5953,0.1074,0.3649,0.763,3.8728,2.3057,0.1279,0.2415,30
0.2,0.575,255642,71605,108740,75297,0.2801,0.4254,0.2945,0.5746,0.1074,0.3757,0.7753,3.9859,2.2905,0.1204,0.2349,30
0.2,0.6,255642,71605,113947,70090,0.2801,0.4457,0.2742,0.5543,0.1074,0.3869,0.7869,4.109,2.2775,0.1132,0.2288,30
0.2,0.625,255642,71605,119151,64886,0.2801,0.4661,0.2538,0.5339,0.1074,0.3978,0.7989,4.2292,2.2581,0.1058,0.2225,30
0.2,0.65,255642,71605,124181,59856,0.2801,0.4858,0.2341,0.5142,0.1074,0.4084,0.8106,4.3463,2.235,0.098,0.2153,30
0.2,0.675,255642,71605,129365,54672,0.2801,0.506,0.2139,0.494,0.1074,0.4194,0.8227,4.4502,2.1982,0.09,0.2078,30
0.2,0.7,255642,71605,134526,49511,0.2801,0.5262,0.1937,0.4738,0.1074,0.4303,0.835,4.5346,2.1484,0.0817,0.2,30
0.2,0.725,255642,71605,139877,44160,0.2801,0.5472,0.1727,0.4528,0.1074,0.4423,0.8463,4.6114,2.0882,0.0733,0.1922,30
0.2,0.75,255642,71605,145231,38806,0.2801,0.5681,0.1518,0.4319,0.1074,0.4544,0.8568,4.6148,1.9931,0.0648,0.1845,30
0.2,0.775,255642,71605,150558,33479,0.2801,0.5889,0.131,0.4111,0.1074,0.4654,0.8711,4.6007,1.8912,0.0558,0.1751,30
0.2,0.8,255642,71605,156002,28035,0.2801,0.6102,0.1097,0.3898,0.1074,0.4772,0.8844,4.517,1.7605,0.0467,0.1658,30
0.2,0.825,255642,71605,161005,23032,0.2801,0.6298,0.0901,0.3702,0.1074,0.4879,0.8977,4.2875,1.5872,0.0381,0.1563,30
0.2,0.85,255642,71605,165693,18344,0.2801,0.6481,0.0718,0.3519,0.1074,0.498,0.9113,4.038,1.4208,0.0301,0.1477,30
0.2,0.875,255642,71605,170180,13857,0.2801,0.6657,0.0542,0.3343,0.1074,0.5082,0.9207,3.6294,1.2133,0.0222,0.1371,30
0.2,0.9,255642,71605,174211,9826,0.2801,0.6815,0.0384,0.3185,0.1074,0.517,0.9338,3.1309,0.9973,0.0151,0.1252,30
0.225,0.45,255642,81916,71067,102659,0.3204,0.278,0.4016,0.722,0.1207,0.3405,0.7095,3.1535,2.2768,0.1483,0.2666,30
0.225,0.475,255642,81916,76713,97013,0.3204,0.3001,0.3795,0.6999,0.1207,0.3505,0.7231,3.2827,2.2976,0.141,0.26,30
0.225,0.5,255642,81916,82260,91466,0.3204,0.3218,0.3578,0.6782,0.1207,0.3606,0.7366,3.4029,2.3079,0.1341,0.2542,30
0.225,0.525,255642,81916,87669,86057,0.3204,0.3429,0.3366,0.6571,0.1207,0.3707,0.7499,3.5105,2.3066,0.1272,0.2483,30
0.225,0.55,255642,81916,93135,80591,0.3204,0.3643,0.3152,0.6357,0.1207,0.3817,0.763,3.6271,2.3057,0.1198,0.2415,30
0.225,0.575,255642,81916,98429,75297,0.3204,0.385,0.2945,0.615,0.1207,0.3928,0.7753,3.7245,2.2905,0.1125,0.2349,30
0.225,0.6,255642,81916,103636,70090,0.3204,0.4054,0.2742,0.5946,0.1207,0.4042,0.7869,3.8303,2.2775,0.1055,0.2288,30
0.225,0.625,255642,81916,108840,64886,0.3204,0.4258,0.2538,0.5742,0.1207,0.4153,0.7989,3.9322,2.2581,0.0983,0.2225,30
0.225,0.65,255642,81916,113870,59856,0.3204,0.4454,0.2341,0.5546,0.1207,0.4261,0.8106,4.0302,2.235,0.0909,0.2153,30
0.225,0.675,255642,81916,119054,54672,0.3204,0.4657,0.2139,0.5343,0.1207,0.4373,0.8227,4.1143,2.1982,0.0832,0.2078,30
0.225,0.7,255642,81916,124215,49511,0.3204,0.4859,0.1937,0.5141,0.1207,0.4484,0.835,4.1788,2.1484,0.0753,0.2,30
0.225,0.725,255642,81916,129566,44160,0.3204,0.5068,0.1727,0.4932,0.1207,0.4605,0.8463,4.2343,2.0882,0.0673,0.1922,30
0.225,0.75,255642,81916,134920,38806,0.3204,0.5278,0.1518,0.4722,0.1207,0.4728,0.8568,4.2206,1.9931,0.0593,0.1845,30
0.225,0.775,255642,81916,140247,33479,0.3204,0.5486,0.131,0.4514,0.1207,0.484,0.8711,4.1896,1.8912,0.0508,0.1751,30
0.225,0.8,255642,81916,145691,28035,0.3204,0.5699,0.1097,0.4301,0.1207,0.4959,0.8844,4.0934,1.7605,0.0423,0.1658,30
0.225,0.825,255642,81916,150694,23032,0.3204,0.5895,0.0901,0.4105,0.1207,0.5067,0.8977,3.8663,1.5872,0.0343,0.1563,30
0.225,0.85,255642,81916,155382,18344,0.3204,0.6078,0.0718,0.3922,0.1207,0.5169,0.9113,3.6228,1.4208,0.027,0.1477,30
0.225,0.875,255642,81916,159869,13857,0.3204,0.6254,0.0542,0.3746,0.1207,0.5272,0.9207,3.2387,1.2133,0.0198,0.1371,30
0.225,0.9,255642,81916,163900,9826,0.3204,0.6411,0.0384,0.3589,0.1207,0.5361,0.9338,2.779,0.9973,0.0134,0.1252,30
0.25,0.45,255642,92195,60788,102659,0.3606,0.2378,0.4016,0.7622,0.1346,0.3566,0.7095,2.9871,2.2768,0.1405,0.2666,30
0.25,0.475,255642,92195,66434,97013,0.3606,0.2599,0.3795,0.7401,0.1346,0.3667,0.7231,3.1044,2.2976,0.1333,0.26,30
0.25,0.5,255642,92195,71981,91466,0.3606,0.2816,0.3578,0.7184,0.1346,0.377,0.7366,3.2125,2.3079,0.1266,0.2542,30
0.25,0.525,255642,92195,77390,86057,0.3606,0.3027,0.3366,0.6973,0.1346,0.3874,0.7499,3.3081,2.3066,0.1199,0.2483,30
0.25,0.55,255642,92195,82856,80591,0.3606,0.3241,0.3152,0.6759,0.1346,0.3985,0.763,3.4113,2.3057,0.1126,0.2415,30
0.25,0.575,255642,92195,88150,75297,0.3606,0.3448,0.2945,0.6552,0.1346,0.4099,0.7753,3.4959,2.2905,0.1056,0.2349,30
0.25,0.6,255642,92195,93357,70090,0.3606,0.3652,0.2742,0.6348,0.1346,0.4216,0.7869,3.5877,2.2775,0.0988,0.2288,30
0.25,0.625,255642,92195,98561,64886,0.3606,0.3855,0.2538,0.6145,0.1346,0.433,0.7989,3.6749,2.2581,0.0919,0.2225,30
0.25,0.65,255642,92195,103591,59856,0.3606,0.4052,0.2341,0.5948,0.1346,0.444,0.8106,3.7578,2.235,0.0848,0.2153,30
0.25,0.675,255642,92195,108775,54672,0.3606,0.4255,0.2139,0.5745,0.1346,0.4554,0.8227,3.8263,2.1982,0.0773,0.2078,30
0.25,0.7,255642,92195,113936,49511,0.3606,0.4457,0.1937,0.5543,0.1346,0.4667,0.835,3.8757,2.1484,0.0699,0.2,30
0.25,0.725,255642,92195,119287,44160,0.3606,0.4666,0.1727,0.5334,0.1346,0.479,0.8463,3.9151,2.0882,0.0623,0.1922,30
0.25,0.75,255642,92195,124641,38806,0.3606,0.4876,0.1518,0.5124,0.1346,0.4915,0.8568,3.8894,1.9931,0.0546,0.1845,30
0.25,0.775,255642,92195,129968,33479,0.3606,0.5084,0.131,0.4916,0.1346,0.5028,0.8711,3.8469,1.8912,0.0466,0.1751,30
0.25,0.8,255642,92195,135412,28035,0.3606,0.5297,0.1097,0.4703,0.1346,0.5149,0.8844,3.7434,1.7605,0.0387,0.1658,30
0.25,0.825,255642,92195,140415,23032,0.3606,0.5493,0.0901,0.4507,0.1346,0.5259,0.8977,3.5214,1.5872,0.0313,0.1563,30
0.25,0.85,255642,92195,145103,18344,0.3606,0.5676,0.0718,0.4324,0.1346,0.5362,0.9113,3.2859,1.4208,0.0245,0.1477,30
0.25,0.875,255642,92195,149590,13857,0.3606,0.5852,0.0542,0.4148,0.1346,0.5465,0.9207,2.9248,1.2133,0.0179,0.1371,30
0.25,0.9,255642,92195,153621,9826,0.3606,0.6009,0.0384,0.3991,0.1346,0.5555,0.9338,2.499,0.9973,0.0121,0.1252,30
0.275,0.45,255642,101831,51152,102659,0.3983,0.2001,0.4016,0.7999,0.148,0.3716,0.7095,2.8464,2.2768,0.1339,0.2666,30
0.275,0.475,255642,101831,56798,97013,0.3983,0.2222,0.3795,0.7778,0.148,0.382,0.7231,2.9539,2.2976,0.1269,0.26,30
0.275,0.5,255642,101831,62345,91466,0.3983,0.2439,0.3578,0.7561,0.148,0.3926,0.7366,3.0523,2.3079,0.1203,0.2542,30
0.275,0.525,255642,101831,67754,86057,0.3983,0.265,0.3366,0.735,0.148,0.4031,0.7499,3.1384,2.3066,0.1137,0.2483,30
0.275,0.55,255642,101831,73220,80591,0.3983,0.2864,0.3152,0.7136,0.148,0.4146,0.763,3.2311,2.3057,0.1067,0.2415,30
0.275,0.575,255642,101831,78514,75297,0.3983,0.3071,0.2945,0.6929,0.148,0.4263,0.7753,3.3057,2.2905,0.0999,0.2349,30
0.275,0.6,255642,101831,83721,70090,0.3983,0.3275,0.2742,0.6725,0.148,0.4383,0.7869,3.3866,2.2775,0.0933,0.2288,30
0.275,0.625,255642,101831,88925,64886,0.3983,0.3478,0.2538,0.6522,0.148,0.45,0.7989,3.4625,2.2581,0.0866,0.2225,30
0.275,0.65,255642,101831,93955,59856,0.3983,0.3675,0.2341,0.6325,0.148,0.4612,0.8106,3.5338,2.235,0.0797,0.2153,30
0.275,0.675,255642,101831,99139,54672,0.3983,0.3878,0.2139,0.6122,0.148,0.4728,0.8227,3.5907,2.1982,0.0726,0.2078,30
0.275,0.7,255642,101831,104300,49511,0.3983,0.408,0.1937,0.592,0.148,0.4842,0.835,3.6289,2.1484,0.0654,0.2,30
0.275,0.725,255642,101831,109651,44160,0.3983,0.4289,0.1727,0.5711,0.148,0.4968,0.8463,3.6567,2.0882,0.0581,0.1922,30
0.275,0.75,255642,101831,115005,38806,0.3983,0.4499,0.1518,0.5501,0.148,0.5096,0.8568,3.623,1.9931,0.0509,0.1845,30
0.275,0.775,255642,101831,120332,33479,0.3983,0.4707,0.131,0.5293,0.148,0.5209,0.8711,3.573,1.8912,0.0433,0.1751,30
0.275,0.8,255642,101831,125776,28035,0.3983,0.492,0.1097,0.508,0.148,0.5331,0.8844,3.4657,1.7605,0.0358,0.1658,30
0.275,0.825,255642,101831,130779,23032,0.3983,0.5116,0.0901,0.4884,0.148,0.5442,0.8977,3.2496,1.5872,0.0288,0.1563,30
0.275,0.85,255642,101831,135467,18344,0.3983,0.5299,0.0718,0.4701,0.148,0.5546,0.9113,3.0224,1.4208,0.0226,0.1477,30
0.275,0.875,255642,101831,139954,13857,0.3983,0.5475,0.0542,0.4525,0.148,0.5651,0.9207,2.6812,1.2133,0.0164,0.1371,30
0.275,0.9,255642,101831,143985,9826,0.3983,0.5632,0.0384,0.4368,0.148,0.5742,0.9338,2.2834,0.9973,0.011,0.1252,30
0.3,0.45,255642,111006,41977,102659,0.4342,0.1642,0.4016,0.8358,0.1609,0.3864,0.7095,2.7241,2.2768,0.1281,0.2666,30
0.3,0.475,255642,111006,47623,97013,0.4342,0.1863,0.3795,0.8137,0.1609,0.3971,0.7231,2.8236,2.2976,0.1213,0.26,30
0.3,0.5,255642,111006,53170,91466,0.4342,0.208,0.3578,0.792,0.1609,0.4078,0.7366,2.914,2.3079,0.1148,0.2542,30
0.3,0.525,255642,111006,58579,86057,0.4342,0.2291,0.3366,0.7709,0.1609,0.4186,0.7499,2.9923,2.3066,0.1084,0.2483,30
0.3,0.55,255642,111006,64045,80591,0.4342,0.2505,0.3152,0.7495,0.1609,0.4304,0.763,3.0764,2.3057,0.1016,0.2415,30
0.3,0.575,255642,111006,69339,75297,0.4342,0.2712,0.2945,0.7288,0.1609,0.4425,0.7753,3.1429,2.2905,0.095,0.2349,30
0.3,0.6,255642,111006,74546,70090,0.4342,0.2916,0.2742,0.7084,0.1609,0.4548,0.7869,3.215,2.2775,0.0886,0.2288,30
0.3,0.625,255642,111006,79750,64886,0.4342,0.312,0.2538,0.688,0.1609,0.4667,0.7989,3.2819,2.2581,0.0821,0.2225,30
0.3,0.65,255642,111006,84780,59856,0.4342,0.3316,0.2341,0.6684,0.1609,0.4782,0.8106,3.3441,2.235,0.0754,0.2153,30
0.3,0.675,255642,111006,89964,54672,0.4342,0.3519,0.2139,0.6481,0.1609,0.49,0.8227,3.3919,2.1982,0.0686,0.2078,30
0.3,0.7,255642,111006,95125,49511,0.4342,0.3721,0.1937,0.6279,0.1609,0.5016,0.835,3.4215,2.1484,0.0617,0.2,30
0.3,0.725,255642,111006,100476,44160,0.4342,0.393,0.1727,0.607,0.1609,0.5144,0.8463,3.4404,2.0882,0.0547,0.1922,30
0.3,0.75,255642,111006,105830,38806,0.4342,0.414,0.1518,0.586,0.1609,0.5274,0.8568,3.4011,1.9931,0.0478,0.1845,30
0.3,0.775,255642,111006,111157,33479,0.4342,0.4348,0.131,0.5652,0.1609,0.5388,0.8711,3.3461,1.8912,0.0406,0.1751,30
0.3,0.8,255642,111006,116601,28035,0.4342,0.4561,0.1097,0.5439,0.1609,0.5512,0.8844,3.237,1.7605,0.0334,0.1658,30
0.3,0.825,255642,111006,121604,23032,0.4342,0.4757,0.0901,0.5243,0.1609,0.5624,0.8977,3.0272,1.5872,0.0269,0.1563,30
0.3,0.85,255642,111006,126292,18344,0.4342,0.494,0.0718,0.506,0.1609,0.5728,0.9113,2.808,1.4208,0.021,0.1477,30
0.3,0.875,255642,111006,130779,13857,0.4342,0.5116,0.0542,0.4884,0.1609,0.5834,0.9207,2.4842,1.2133,0.0152,0.1371,30
0.3,0.9,255642,111006,134810,9826,0.4342,0.5273,0.0384,0.4727,0.1609,0.5926,0.9338,2.11,0.9973,0.0102,0.1252,30
0.325,0.45,255642,119187,33796,102659,0.4662,0.1322,0.4016,0.8678,0.1724,0.4005,0.7095,2.6237,2.2768,0.1234,0.2666,30
0.325,0.475,255642,119187,39442,97013,0.4662,0.1543,0.3795,0.8457,0.1724,0.4114,0.7231,2.7168,2.2976,0.1167,0.26,30
0.325,0.5,255642,119187,44989,91466,0.4662,0.176,0.3578,0.824,0.1724,0.4223,0.7366,2.8008,2.3079,0.1104,0.2542,30
0.325,0.525,255642,119187,50398,86057,0.4662,0.1971,0.3366,0.8029,0.1724,0.4334,0.7499,2.873,2.3066,0.1041,0.2483,30
0.325,0.55,255642,119187,55864,80591,0.4662,0.2185,0.3152,0.7815,0.1724,0.4454,0.763,2.9504,2.3057,0.0974,0.2415,30
0.325,0.575,255642,119187,61158,75297,0.4662,0.2392,0.2945,0.7608,0.1724,0.4578,0.7753,3.0107,2.2905,0.091,0.2349,30
0.325,0.6,255642,119187,66365,70090,0.4662,0.2596,0.2742,0.7404,0.1724,0.4705,0.7869,3.076,2.2775,0.0847,0.2288,30
0.325,0.625,255642,119187,71569,64886,0.4662,0.28,0.2538,0.72,0.1724,0.4826,0.7989,3.136,2.2581,0.0784,0.2225,30
0.325,0.65,255642,119187,76599,59856,0.4662,0.2996,0.2341,0.7004,0.1724,0.4942,0.8106,3.1913,2.235,0.072,0.2153,30
0.325,0.675,255642,119187,81783,54672,0.4662,0.3199,0.2139,0.6801,0.1724,0.5062,0.8227,3.2323,2.1982,0.0653,0.2078,30
0.325,0.7,255642,119187,86944,49511,0.4662,0.3401,0.1937,0.6599,0.1724,0.5179,0.835,3.2556,2.1484,0.0587,0.2,30
0.325,0.725,255642,119187,92295,44160,0.4662,0.361,0.1727,0.639,0.1724,0.5309,0.8463,3.2681,2.0882,0.052,0.1922,30
0.325,0.75,255642,119187,97649,38806,0.4662,0.382,0.1518,0.618,0.1724,0.5441,0.8568,3.225,1.9931,0.0453,0.1845,30
0.325,0.775,255642,119187,102976,33479,0.4662,0.4028,0.131,0.5972,0.1724,0.5556,0.8711,3.1668,1.8912,0.0384,0.1751,30
0.325,0.8,255642,119187,108420,28035,0.4662,0.4241,0.1097,0.5759,0.1724,0.568,0.8844,3.0571,1.7605,0.0316,0.1658,30
0.325,0.825,255642,119187,113423,23032,0.4662,0.4437,0.0901,0.5563,0.1724,0.5793,0.8977,2.8531,1.5872,0.0253,0.1563,30
0.325,0.85,255642,119187,118111,18344,0.4662,0.462,0.0718,0.538,0.1724,0.5898,0.9113,2.641,1.4208,0.0197,0.1477,30
0.325,0.875,255642,119187,122598,13857,0.4662,0.4796,0.0542,0.5204,0.1724,0.6005,0.9207,2.3314,1.2133,0.0143,0.1371,30
0.325,0.9,255642,119187,126629,9826,0.4662,0.4953,0.0384,0.5047,0.1724,0.6097,0.9338,1.9762,0.9973,0.0095,0.1252,30
0.35,0.45,255642,126846,26137,102659,0.4962,0.1022,0.4016,0.8978,0.1837,0.4127,0.7095,2.5361,2.2768,0.1193,0.2666,30
0.35,0.475,255642,126846,31783,97013,0.4962,0.1243,0.3795,0.8757,0.1837,0.424,0.7231,2.6238,2.2976,0.1127,0.26,30
0.35,0.5,255642,126846,37330,91466,0.4962,0.146,0.3578,0.854,0.1837,0.4353,0.7366,2.7026,2.3079,0.1065,0.2542,30
0.35,0.525,255642,126846,42739,86057,0.4962,0.1672,0.3366,0.8328,0.1837,0.4467,0.7499,2.7697,2.3066,0.1004,0.2483,30
0.35,0.55,255642,126846,48205,80591,0.4962,0.1886,0.3152,0.8114,0.1837,0.4592,0.763,2.8415,2.3057,0.0938,0.2415,30
0.35,0.575,255642,126846,53499,75297,0.4962,0.2093,0.2945,0.7907,0.1837,0.4719,0.7753,2.8967,2.2905,0.0875,0.2349,30
0.35,0.6,255642,126846,58706,70090,0.4962,0.2296,0.2742,0.7704,0.1837,0.485,0.7869,2.9564,2.2775,0.0814,0.2288,30
0.35,0.625,255642,126846,63910,64886,0.4962,0.25,0.2538,0.75,0.1837,0.4974,0.7989,3.0107,2.2581,0.0753,0.2225,30
0.35,0.65,255642,126846,68940,59856,0.4962,0.2697,0.2341,0.7303,0.1837,0.5092,0.8106,3.0603,2.235,0.069,0.2153,30
0.35,0.675,255642,126846,74124,54672,0.4962,0.29,0.2139,0.71,0.1837,0.5214,0.8227,3.0959,2.1982,0.0626,0.2078,30
0.35,0.7,255642,126846,79285,49511,0.4962,0.3101,0.1937,0.6899,0.1837,0.5333,0.835,3.1142,2.1484,0.0561,0.2,30
0.35,0.725,255642,126846,84636,44160,0.4962,0.3311,0.1727,0.6689,0.1837,0.5465,0.8463,3.1218,2.0882,0.0496,0.1922,30
0.35,0.75,255642,126846,89990,38806,0.4962,0.352,0.1518,0.648,0.1837,0.5598,0.8568,3.0759,1.9931,0.0432,0.1845,30
0.35,0.775,255642,126846,95317,33479,0.4962,0.3729,0.131,0.6271,0.1837,0.5714,0.8711,3.0155,1.8912,0.0366,0.1751,30
0.35,0.8,255642,126846,100761,28035,0.4962,0.3941,0.1097,0.6059,0.1837,0.5839,0.8844,2.9059,1.7605,0.03,0.1658,30
0.35,0.825,255642,126846,105764,23032,0.4962,0.4137,0.0901,0.5863,0.1837,0.5952,0.8977,2.7073,1.5872,0.024,0.1563,30
0.35,0.85,255642,126846,110452,18344,0.4962,0.4321,0.0718,0.5679,0.1837,0.6058,0.9113,2.5017,1.4208,0.0187,0.1477,30
0.35,0.875,255642,126846,114939,13857,0.4962,0.4496,0.0542,0.5504,0.1837,0.6166,0.9207,2.2045,1.2133,0.0135,0.1371,30
0.35,0.9,255642,126846,118970,9826,0.4962,0.4654,0.0384,0.5346,0.1837,0.6258,0.9338,1.8654,0.9973,0.009,0.1252,30
